order_id,order_date,order_type,branch_code,order_items,order_price,customer_loyalty,distance_to_customer_km,delivery_fee,location,updated_at
1406,2018-07-08 15:16:03,Lunch,NS,"[('Fries', 6), ('Salad', 4)]",140.8,True,8.335,13.7,Docklands,2023-07-06 01:58:00
10125,2018-12-01 08:20:16,Breakfast,NS,"[('Cereal', 8), ('Pancake', 6)]",313.5,True,7.536,6.17,Melbourne,2023-07-06 01:58:00
4175,2018-06-07 14:05:04,Lunch,NS,"[('Steak', 3), ('Salad', 1), ('Chicken', 6), ('Fries', 4), ('Burger', 8)]",714.0,False,9.86,15.09,Richmond,2023-07-06 01:58:00
3691,2018-04-26 11:43:05,Dinner,NS,"[('Pancake', 9), ('Eggs', 10), ('Cereal', 2)]",480.25,False,8.614,13.68,Southbank,2023-07-06 01:58:00
4094,2018-04-10 11:12:40,Breakfast,NS,"[('Eggs', 5), ('Coffee', 3), ('Pancake', 9), ('Cereal', 7)]",497.75,False,8.802,13.76,Southbank,2023-07-06 01:58:00
10193,2018-10-15 17:27:53,Dinner,TP,"[('Fish&Chips', 5), ('Shrimp', 5), ('Salmon', 2), ('Pasta', 5)]",664.5,False,9.081,13.39,Kamaishi,2023-07-06 01:58:00
958,2018-05-25 12:43:56,Breakfast,BK,"[('Salad', 2), ('Steak', 7), ('Chicken', 2)]",413.4,False,6.412,12.01,Collingwood,2023-07-06 01:58:00
3630,2018-09-30 16:57:27,Dinner,NS,"[('Shrimp', 8), ('Fish&Chips', 6), ('Salmon', 4), ('Pasta', 7)]",998.5,False,7.759,16.25,Kamaishi,2023-07-06 01:58:00
5755,2018-07-03 10:01:41,Breakfast,NS,"[('Cereal', 1), ('Coffee', 7), ('Pancake', 3)]",146.25,False,8.996,14.11,East Melbourne,2023-07-06 01:58:00
8573,2018-04-21 11:32:57,Breakfast,NS,"[('Eggs', 7), ('Cereal', 8), ('Pancake', 3), ('Coffee', 3)]",417.25,False,8.624,15.76,Melbourne,2023-07-06 01:58:00
6221,2018-09-03 10:11:49,Breakfast,NS,"[('Eggs', 6), ('Cereal', 10)]",658.4,False,8.163,12.82,Melbourne,2023-07-06 01:58:00
9837,2018-04-20 11:32:57,Breakfast,NS,"[('Eggs', 9), ('Cereal', 1)]",219.0,False,8.722,13.31,Melbourne,2023-07-06 01:58:00
5086,2018-02-17 09:31:16,Lunch,TP,"[('Pancake', 9), ('Eggs', 7), ('Coffee', 3)]",394.75,False,9.989,14.24,North Melbourne,2023-07-06 01:58:00
2934,2018-11-22 18:49:00,Dinner,TP,"[('Shrimp', 6), ('Pasta', 3), ('Fish&Chips', 1), ('Salmon', 2)]",523.5,False,8.839,12.25,Melbourne,2023-07-06 01:58:00
6045,2018-06-08 15:05:54,Lunch,BK,"[('Burger', 2), ('Steak', 10), ('Fries', 5), ('Chicken', 8)]",828.0,False,7.274,13.42,Melbourne,2023-07-06 01:58:00
121,2018-05-23 12:43:56,Lunch,BK,"[('Chicken', 4), ('Steak', 10), ('Salad', 10), ('Burger', 1), ('Fries', 5)]",841.0,True,4.777,10.43,Richmond,2023-07-06 01:58:00
471,2018-07-26 14:45:38,Lunch,NS,"[('Salad', 8), ('Fries', 6)]",209.6,False,6.397,10.98,Carlton,2023-07-06 01:58:00
8294,2018-04-07 14:05:04,Breakfast,TP,"[('Steak', 6), ('Salad', 8)]",407.6,False,11.502,14.46,Richmond,2023-07-06 01:58:00
3482,2018-02-19 09:31:16,Breakfast,TP,"[('Coffee', 2), ('Cereal', 2), ('Pancake', 2)]",105.5,False,9.908,12.36,North Melbourne,2023-07-06 01:58:00
5669,2018-05-25 12:43:56,Dinner,NS,"[('Burger', 8), ('Salad', 3), ('Fries', 2), ('Chicken', 8), ('Steak', 3)]",714.6,False,8.459,14.33,Clifton Hill,2023-07-06 01:58:00
10037,2018-05-30 12:54:05,Lunch,NS,"[('Chicken', 3), ('Burger', 7), ('Steak', 1), ('Fries', 3)]",394.0,False,8.424,13.7,Kamaishi,2023-07-06 01:58:00
92,2018-02-16 09:31:16,Breakfast,TP,"[('Chicken', 8), ('Pancake', 9), ('Coffee', 10)]",461.25,False,11.36,13.59,Richmond,2023-07-06 01:58:00
6591,2018-10-23 17:48:10,Dinner,NS,"[('Shrimp', 7), ('Pasta', 1)]",405.5,False,9.005,15.1,West Melbourne,2023-07-06 01:58:00
10162,2018-05-13 12:23:39,Lunch,NS,"[('Chicken', 7), ('Fries', 2), ('Burger', 7)]",465.0,False,7.635,14.79,Melbourne,2023-07-06 01:58:00
950,2018-04-28 11:53:14,Breakfast,BK,"[('Coffee', 2), ('Burger', 9), ('Eggs', 1)]",226.0,False,8.069,15.77,Southbank,2023-07-06 01:58:00
9088,2018-11-14 18:28:43,Dinner,TP,"[('Fish&Chips', 6), ('Salmon', 3), ('Shrimp', 1)]",387.0,True,9.63,14.03,Carlton,2023-07-06 01:58:00
5473,2018-06-13 13:24:30,Lunch,TP,"[('Burger', 2), ('Steak', 5)]",287.0,False,9.23,12.71,East Melbourne,2023-07-06 01:58:00
8870,2018-12-16 19:29:34,Dinner,TP,"[('Pasta', 1), ('Shrimp', 8), ('Salmon', 2)]",85.0,False,9.091,14.59,Melbourne,2023-07-06 01:58:00
10007,2018-01-19 08:30:25,Breakfast,TP,"[('Pancake', 10), ('Coffee', 9), ('Eggs', 8), ('Cereal', 5)]",591.0,True,8.536,5.75,East Melbourne,2023-07-06 01:58:00
2401,2018-04-18 11:32:57,Breakfast,NS,"[('Cereal', 10), ('Eggs', 9), ('Coffee', 2)]",423.0,False,6.687,12.33,East Melbourne,2023-07-06 01:58:00
3990,2018-02-03 10:01:41,Breakfast,TP,"[('Cereal', 1), ('Pancake', 3)]",93.75,False,9.839,12.25,East Melbourne,2023-07-06 01:58:00
398,2018-12-03 10:11:49,Breakfast,NS,"[('Coffee', 5), ('Eggs', 8), ('Cereal', 6), ('Pancake', 2)]",388.0,False,7.637,12.92,Kamaishi,2023-07-06 01:58:00
9672,2018-09-11 18:18:35,Dinner,BK,"[('Shrimp', 9), ('Salmon', 7), ('Pasta', 4)]",883.0,False,5.03,12.07,East Melbourne,2023-07-06 01:58:00
118,2018-08-28 15:56:37,Lunch,BK,"[('Salad', 5), ('Fries', 3), ('Chicken', 9), ('Steak', 4), ('Burger', 7)]",807.0,False,7.621,13.4,Melbourne,2023-07-06 01:58:00
7780,2018-11-13 18:28:43,Dinner,BK,"[('Pasta', 7), ('Shrimp', 1), ('Salmon', 6), ('Fish&Chips', 6)]",702.5,False,9.716,16.36,Docklands,2023-07-06 01:58:00
6174,2018-12-13 19:29:34,Dinner,TP,"[('Fish&Chips', 10), ('Salmon', 7), ('Pasta', 10)]",912.0,False,7.769,13.21,East Melbourne,2023-07-06 01:58:00
2240,2018-11-30 18:59:09,Dinner,TP,"[('Shrimp', 9), ('Fish&Chips', 2)]",556.0,False,9.437,15.62,Abbotsford,2023-07-06 01:58:00
3904,2018-03-21 10:32:06,Breakfast,BK,"[('Eggs', 5), ('Coffee', 9)]",177.5,False,7.93,12.7,Melbourne,2023-07-06 01:58:00
8863,2018-08-20 15:36:20,Lunch,BK,"[('Fries', 9), ('Chicken', 5)]",268.0,False,6.817,13.34,Melbourne,2023-07-06 01:58:00
1027,2018-04-04 11:02:32,Breakfast,NS,"[('Cereal', 8), ('Pancake', 6)]",313.5,False,8.618,13.75,East Melbourne,2023-07-06 01:58:00
6031,2018-01-22 08:40:33,Breakfast,NS,"[('Pancake', 7), ('Cereal', 2)]",211.75,False,9.518,14.58,Docklands,2023-07-06 01:58:00
4420,2018-01-03 09:51:32,Breakfast,TP,"[('Cereal', 4), ('Coffee', 7)]",136.5,True,9.74,11.89,Docklands,2023-07-06 01:58:00
792,2018-02-05 11:53:14,Breakfast,TP,"[('Eggs', 9), ('Cereal', 2), ('Fish&Chips', 6)]",285.0,False,9.792,12.13,Carlton,2023-07-06 01:58:00
8310,2018-04-14 11:22:49,Breakfast,TP,"[('Coffee', 4), ('Eggs', 9), ('Pancake', 7)]",397.75,False,10.302,14.34,Richmond,2023-07-06 01:58:00
8897,2018-11-01 08:20:16,Breakfast,BK,"[('Coffee', 1), ('Salmon', 1), ('Eggs', 6)]",160.5,True,7.71,6.42,Melbourne,2023-07-06 01:58:00
3592,2018-12-10 17:27:53,Dinner,TP,"[('Pasta', 9), ('Salmon', 2), ('Fish&Chips', 9), ('Shrimp', 7)]",1022.5,False,9.005,13.39,East Melbourne,2023-07-06 01:58:00
5124,2018-11-04 11:12:40,Breakfast,BK,"[('Coffee', 3), ('Eggs', 9)]",220.5,False,9.264,14.58,Docklands,2023-07-06 01:58:00
4900,2018-06-28 13:54:55,Lunch,TP,"[('Burger', 10), ('Fries', 6)]",382.0,False,10.115,13.06,East Melbourne,2023-07-06 01:58:00
6859,2018-07-17 14:25:21,Lunch,NS,"[('Steak', 7), ('Fries', 1), ('Chicken', 6), ('Salad', 7)]",639.4,False,9.798,15.15,Docklands,2023-07-06 01:58:00
3023,2018-04-22 11:32:57,Breakfast,NS,"[('Eggs', 6), ('Pancake', 9), ('Cereal', 7)]",497.25,False,10.118,17.05,Richmond,2023-07-06 01:58:00
8329,2018-07-11 18:18:35,Dinner,BK,"[('Fish&Chips', 5), ('Eggs', 9), ('Salmon', 1), ('Pasta', 2)]",757.0,False,7.675,14.7,Melbourne,2023-07-06 01:58:00
632,2018-03-20 10:32:06,Breakfast,TP,"[('Eggs', 1), ('Pancake', 9)]",240.25,False,8.814,11.71,Melbourne,2023-07-06 01:58:00
1125,2018-12-08 15:26:11,Dinner,TP,"[('Fries', 8), ('Salad', 5), ('Burger', 1), ('Steak', 6)]",483.0,False,9.915,14.79,East Melbourne,2023-07-06 01:58:00
7372,2018-05-13 12:23:39,Lunch,TP,"[('Fries', 7), ('Chicken', 5), ('Steak', 2), ('Burger', 4)]",458.0,False,9.217,14.37,Carlton,2023-07-06 01:58:00
1593,2018-10-28 17:58:18,Dinner,NS,"[('Salmon', 6), ('Pasta', 8), ('Shrimp', 2), ('Fish&Chips', 1)]",609.0,False,7.181,15.15,Fitzroy,2023-07-06 01:58:00
6135,2018-05-17 12:23:39,Breakfast,BK,"[('Fries', 8), ('Chicken', 10)]",416.0,False,8.047,13.89,Carlton,2023-07-06 01:58:00
10444,2018-08-05 12:13:31,Lunch,BK,"[('Salad', 1), ('Steak', 5), ('Fries', 5)]",302.2,False,9.886,15.46,Docklands,2023-07-06 01:58:00
10463,2018-03-27 10:42:15,Breakfast,TP,"[('Eggs', 4), ('Coffee', 7)]",76.0,False,9.268,12.03,Carlton,2023-07-06 01:58:00
6138,2018-11-15 18:28:43,Dinner,TP,"[('Pasta', 8), ('Shrimp', 7), ('Fish&Chips', 7)]",843.0,False,8.531,13.59,East Melbourne,2023-07-06 01:58:00
251,2018-11-12 19:19:26,Breakfast,TP,"[('Fish&Chips', 1), ('Shrimp', 1), ('Pasta', 8)]",309.0,False,8.647,12.83,Docklands,2023-07-06 01:58:00
10950,2018-02-23 09:41:24,Breakfast,BK,"[('Eggs', 9), ('Cereal', 10), ('Coffee', 3), ('Pancake', 9)]",648.75,False,10.387,15.51,North Melbourne,2023-07-06 01:58:00
7990,2018-10-21 17:38:01,Breakfast,TP,"[('Salmon', 8), ('Pasta', 10), ('Shrimp', 3)]",765.0,False,8.411,13.74,Docklands,2023-07-06 01:58:00
6376,2018-07-25 14:45:38,Lunch,NS,"[('Steak', 2), ('Chicken', 4)]",218.0,False,8.422,13.88,Southbank,2023-07-06 01:58:00
1609,2018-10-22 17:48:10,Dinner,NS,"[('Fish&Chips', 5), ('Pasta', 2), ('Salmon', 3), ('Shrimp', 6)]",677.0,True,8.825,14.86,Southbank,2023-07-06 01:58:00
2585,2018-12-21 19:39:43,Dinner,TP,"[('Pasta', 6), ('Salmon', 3), ('Shrimp', 4), ('Fish&Chips', 7)]",749.0,False,11.19,15.19,West Melbourne,2023-07-06 01:58:00
5,2018-03-04 11:02:32,Breakfast,BK,"[('Cereal', 3), ('Coffee', 5), ('Pancake', 9), ('Eggs', 4)]",406.75,False,9.589,11.79,East Melbourne,2023-07-06 01:58:00
5332,2018-05-23 12:43:56,Lunch,BK,"[('Salad', 1), ('Fries', 8), ('Cereal', 2), ('Steak', 7)]",492.2,False,5.499,11.82,East Melbourne,2023-07-06 01:58:00
10016,2018-07-14 14:25:21,Lunch,TP,"[('Chicken', 5), ('Salad', 5)]",246.0,False,11.189,15.15,Richmond,2023-07-06 01:58:00
4787,2018-07-02 09:10:59,Breakfast,BK,"[('Pasta', 10), ('Eggs', 2)]",119.0,False,6.391,11.59,East Melbourne,2023-07-06 01:58:00
4133,2018-01-18 08:30:25,Breakfast,NS,"[('Eggs', 2), ('Pancake', 4), ('Cereal', 2), ('Coffee', 8)]",243.0,True,10.52,7.34,Docklands,2023-07-06 01:58:00
5501,2018-11-28 18:59:09,Dinner,BK,"[('Pasta', 9), ('Fish&Chips', 9), ('Salmon', 3), ('Shrimp', 9)]",1171.5,False,7.241,13.9,Southbank,2023-07-06 01:58:00
3673,2018-06-07 14:05:04,Lunch,BK,"[('Fries', 4), ('Steak', 5), ('Burger', 6)]",459.0,False,5.239,10.41,Kamaishi,2023-07-06 01:58:00
8763,2018-08-22 15:36:20,Lunch,BK,"[('Chicken', 1), ('Fries', 6), ('Steak', 4)]",284.0,False,7.443,12.56,Melbourne,2023-07-06 01:58:00
10488,2018-07-05 14:05:04,Lunch,TP,"[('Fries', 4), ('Steak', 7), ('Chicken', 5), ('Salad', 6)]",626.2,False,10.783,14.19,North Melbourne,2023-07-06 01:58:00
8531,2018-03-24 10:42:15,Breakfast,TP,"[('Coffee', 1), ('Cereal', 3)]",70.5,False,4.647,11.92,Richmond,2023-07-06 01:58:00
7552,2018-09-14 16:27:02,Dinner,TP,"[('Shrimp', 4), ('Salmon', 2)]",298.0,False,9.867,13.95,Upernavik,2023-07-06 01:58:00
9728,2018-10-18 17:38:01,Dinner,NS,"[('Shrimp', 1), ('Salmon', 1), ('Pasta', 2)]",150.0,False,8.283,14.66,North Melbourne,2023-07-06 01:58:00
6784,2018-12-28 20:00:00,Dinner,TP,"[('Fish&Chips', 6), ('Salmon', 4)]",374.0,False,8.771,13.33,Melbourne,2023-07-06 01:58:00
2411,2018-10-26 17:48:10,Dinner,NS,"[('Shrimp', 4), ('Fish&Chips', 5), ('Salmon', 2), ('Pasta', 7)]",665.5,False,6.947,13.0,Melbourne,2023-07-06 01:58:00
58,2018-07-28 14:55:46,Lunch,TP,"[('Salad', 10), ('Burger', 1), ('Chicken', 3)]",299.0,False,10.567,15.24,Collingwood,2023-07-06 01:58:00
8575,2018-03-24 10:42:15,Breakfast,NS,"[('Eggs', 6), ('Cereal', 8)]",300.0,False,8.958,15.99,East Melbourne,2023-07-06 01:58:00
10685,2018-04-11 11:12:40,Breakfast,TP,"[('Cereal', 7), ('Coffee', 6)]",192.0,False,9.629,12.4,Carlton,2023-07-06 01:58:00
4942,2018-09-25 16:47:19,Dinner,TP,"[('Shrimp', 6), ('Salmon', 9)]",693.0,False,10.809,14.7,Richmond,2023-07-06 01:58:00
1924,2018-10-29 17:58:18,Dinner,NS,"[('Fish&Chips', 4), ('Shrimp', 2), ('Pasta', 9)]",495.5,False,8.814,14.92,East Melbourne,2023-07-06 01:58:00
9182,2018-08-07 14:15:12,Lunch,TP,"[('Fries', 5), ('Steak', 5)]",285.0,False,8.948,14.4,Fitzroy,2023-07-06 01:58:00
7524,2018-06-22 13:34:38,Lunch,TP,"[('Salad', 9), ('Steak', 3), ('Fries', 4), ('Burger', 6), ('Chicken', 3)]",619.8,False,10.188,13.26,East Melbourne,2023-07-06 01:58:00
3942,2018-06-22 13:34:38,Lunch,NS,"[('Burger', 5), ('Fries', 1), ('Steak', 5), ('Salad', 9)]",546.8,False,8.754,14.09,Melbourne,2023-07-06 01:58:00
9768,2018-05-01 08:00:00,Breakfast,TP,"[('Coffee', 9), ('Eggs', 6), ('Fries', 6), ('Cereal', 2)]",387.0,True,9.972,5.76,Docklands,2023-07-06 01:58:00
7192,2018-10-31 17:58:18,Dinner,BK,"[('Shrimp', 7), ('Fish&Chips', 4), ('Salmon', 9), ('Pasta', 1)]",914.5,False,9.26,15.88,Docklands,2023-07-06 01:58:00
7648,2018-08-11 18:18:35,Dinner,TP,"[('Shrimp', 1), ('Salmon', 4), ('Fish&Chips', 10), ('Pasta', 1)]",595.5,False,9.941,14.1,East Melbourne,2023-07-06 01:58:00
8510,2018-02-22 09:41:24,Breakfast,NS,"[('Eggs', 2), ('Cereal', 2), ('Coffee', 4), ('Pancake', 8)]",693.0,False,7.973,13.09,West Melbourne,2023-07-06 01:58:00
6057,2018-05-14 12:23:39,Lunch,BK,"[('Salad', 6), ('Steak', 3)]",238.2,False,6.697,12.93,Collingwood,2023-07-06 01:58:00
8304,2018-04-11 18:08:27,Dinner,NS,"[('Salmon', 8), ('Pasta', 10), ('Shrimp', 2)]",711.0,False,9.311,17.83,Docklands,2023-07-06 01:58:00
7593,2018-11-03 10:11:49,Breakfast,NS,"[('Pancake', 6), ('Cereal', 5), ('Eggs', 4), ('Coffee', 3)]",361.0,False,9.233,13.08,Carlton,2023-07-06 01:58:00
273,2018-12-04 11:22:49,Breakfast,BK,"[('Pancake', 9), ('Cereal', 1)]",213.25,False,9.453,14.73,North Melbourne,2023-07-06 01:58:00
9816,2018-11-05 12:13:31,Lunch,BK,"[('Steak', 3), ('Chicken', 7), ('Burger', 6)]",545.0,False,4.482,10.48,Abbotsford,2023-07-06 01:58:00
4651,2018-06-05 12:03:22,Lunch,TP,"[('Steak', 3), ('Chicken', 2)]",199.0,False,9.762,14.36,Kamaishi,2023-07-06 01:58:00
2414,2018-06-30 13:54:55,Lunch,TP,"[('Salad', 8), ('Fries', 3), ('Steak', 8), ('Chicken', 1), ('Burger', 7)]",782.6,False,11.433,16.3,Flemington,2023-07-06 01:58:00
10417,2018-12-09 16:27:02,Dinner,BK,"[('Pasta', 8), ('Fish&Chips', 1), ('Salmon', 9)]",624.0,True,10.486,17.35,North Melbourne,2023-07-06 01:58:00
480,2018-11-09 16:27:02,Dinner,TP,"[('Pasta', 9), ('Salmon', 3)]",370.5,False,9.081,13.16,Kamaishi,2023-07-06 01:58:00
9842,2018-04-19 11:32:57,Breakfast,BK,"[('Eggs', 9), ('Pancake', 1)]",222.25,False,8.705,13.54,West Melbourne,2023-07-06 01:58:00
918,2018-07-30 14:55:46,Lunch,NS,"[('Chicken', 10), ('Fries', 1), ('Steak', 10), ('Salad', 4), ('Burger', 5)]",1005.8,False,7.617,13.16,Melbourne,2023-07-06 01:58:00
5520,2018-12-11 18:28:43,Breakfast,TP,"[('Pasta', 2), ('Shrimp', 1)]",109.0,False,8.109,12.15,Melbourne,2023-07-06 01:58:00
665,2018-02-14 09:21:07,Breakfast,TP,"[('Cereal', 3), ('Eggs', 10)]",283.0,False,11.883,13.82,Richmond,2023-07-06 01:58:00
2041,2018-08-14 15:26:11,Lunch,TP,"[('Salad', 3), ('Chicken', 2), ('Burger', 7)]",332.6,True,7.769,11.69,Southbank,2023-07-06 01:58:00
3175,2018-09-06 16:16:54,Dinner,TP,"[('Shrimp', 9), ('Fish&Chips', 9), ('Salmon', 1), ('Pasta', 6)]",1007.0,False,8.531,12.3,Melbourne,2023-07-06 01:58:00
10341,2018-09-21 16:37:10,Dinner,BK,"[('Pasta', 10), ('Pancake', 5), ('Shrimp', 9), ('Salmon', 8)]",1264.0,False,10.699,17.6,North Melbourne,2023-07-06 01:58:00
6609,2018-03-27 10:42:15,Breakfast,TP,"[('Cereal', 9), ('Eggs', 10)]",409.0,False,9.205,11.53,Docklands,2023-07-06 01:58:00
11102,2018-05-08 15:05:54,Lunch,BK,"[('Fries', 5), ('Steak', 1), ('Salad', 2), ('Chicken', 10)]",438.0,False,8.596,16.6,Docklands,2023-07-06 01:58:00
5449,2018-10-18 17:38:01,Dinner,TP,"[('Shrimp', 2), ('Salmon', 1), ('Pasta', 7), ('Fish&Chips', 10)]",691.5,False,8.657,12.47,East Melbourne,2023-07-06 01:58:00
7523,2018-09-01 08:10:08,Breakfast,NS,"[('Coffee', 1), ('Pancake', 5), ('Eggs', 9), ('Cereal', 3)]",389.75,True,7.23,6.24,Melbourne,2023-07-06 01:58:00
10666,2018-01-28 08:50:42,Breakfast,TP,"[('Pancake', 2), ('Cereal', 10), ('Eggs', 4)]",346.5,False,9.192,12.06,Melbourne,2023-07-06 01:58:00
3105,2018-08-22 15:46:28,Lunch,NS,"[('Burger', 5), ('Steak', 8), ('Chicken', 2), ('Salad', 3), ('Fries', 5)]",690.6,False,9.063,13.97,Docklands,2023-07-06 01:58:00
6294,2018-03-24 10:42:15,Breakfast,NS,"[('Coffee', 10), ('Eggs', 8)]",251.0,False,8.334,15.65,Docklands,2023-07-06 01:58:00
9374,2018-11-13 18:28:43,Dinner,TP,"[('Salmon', 8), ('Pasta', 4)]",438.0,True,10.358,14.08,North Melbourne,2023-07-06 01:58:00
2284,2018-11-04 11:12:40,Breakfast,BK,"[('Eggs', 8), ('Cereal', 10), ('Pancake', 9), ('Coffee', 10)]",679.25,False,9.353,14.19,Southbank,2023-07-06 01:58:00
10010,2018-02-24 09:41:24,Breakfast,BK,"[('Coffee', 7), ('Cereal', 1), ('Eggs', 1)]",95.5,False,4.806,11.51,Kamaishi,2023-07-06 01:58:00
11099,2018-07-21 14:35:29,Lunch,TP,"[('Steak', 9), ('Fries', 7), ('Chicken', 7)]",713.0,False,8.757,13.78,Melbourne,2023-07-06 01:58:00
8337,2018-12-17 19:39:43,Dinner,TP,"[('Salmon', 7), ('Pasta', 4), ('Fish&Chips', 2), ('Shrimp', 7)]",845.0,True,10.368,14.39,North Melbourne,2023-07-06 01:58:00
5668,2018-08-28 15:56:37,Lunch,NS,"[('Steak', 9), ('Fries', 4)]",453.0,False,10.644,15.93,Docklands,2023-07-06 01:58:00
7457,2018-03-07 14:05:04,Lunch,TP,"[('Steak', 5), ('Chicken', 8), ('Burger', 3)]",574.0,True,8.625,12.0,Melbourne,2023-07-06 01:58:00
950,2018-11-02 09:21:07,Breakfast,NS,"[('Eggs', 4), ('Pancake', 4)]",185.0,False,7.672,14.49,Melbourne,2023-07-06 01:58:00
2656,2018-02-11 18:08:27,Dinner,TP,"[('Eggs', 10), ('Shrimp', 6), ('Salmon', 1)]",715.0,False,10.282,14.54,Collingwood,2023-07-06 01:58:00
9370,2018-05-04 11:02:32,Breakfast,NS,"[('Coffee', 8), ('Eggs', 3), ('Pancake', 4)]",223.0,False,9.065,14.15,Docklands,2023-07-06 01:58:00
10535,2018-04-07 14:05:04,Lunch,TP,"[('Fries', 1), ('Salad', 4)]",80.8,False,7.973,16.35,Flemington,2023-07-06 01:58:00
9182,2018-05-28 12:54:05,Lunch,TP,"[('Salad', 2), ('Fries', 9), ('Burger', 4), ('Steak', 9)]",671.4,True,8.361,12.25,Melbourne,2023-07-06 01:58:00
5849,2018-07-04 11:12:40,Breakfast,TP,"[('Cereal', 9), ('Eggs', 2), ('Coffee', 1), ('Salad', 8)]",434.5,False,12.08,15.4,Richmond,2023-07-06 01:58:00
1285,2018-03-06 13:04:13,Lunch,BK,"[('Chicken', 8), ('Burger', 5), ('Fries', 5), ('Salad', 6), ('Steak', 4)]",754.2,False,7.179,15.68,Melbourne,2023-07-06 01:58:00
3791,2018-05-15 12:23:39,Lunch,BK,"[('Burger', 5), ('Steak', 9), ('Chicken', 9), ('Fries', 3), ('Salad', 5)]",970.0,False,4.704,10.77,Richmond,2023-07-06 01:58:00
2556,2018-02-13 09:21:07,Breakfast,BK,"[('Eggs', 6), ('Pancake', 10), ('Cereal', 1)]",395.5,False,8.975,16.04,Flemington,2023-07-06 01:58:00
1402,2018-03-24 10:42:15,Breakfast,BK,"[('Coffee', 6), ('Eggs', 6), ('Pancake', 3)]",249.75,False,6.5,13.2,East Melbourne,2023-07-06 01:58:00
7906,2018-10-24 17:48:10,Dinner,TP,"[('Salmon', 2), ('Pasta', 2), ('Fish&Chips', 5), ('Shrimp', 9)]",431.8,False,7.433,11.85,Southbank,2023-07-06 01:58:00
3262,2018-10-08 15:16:03,Lunch,TP,"[('Fries', 1), ('Steak', 2)]",102.0,False,9.713,13.29,Carlton,2023-07-06 01:58:00
5056,2018-11-02 09:21:07,Breakfast,NS,"[('Pancake', 6), ('Coffee', 2), ('Eggs', 6)]",292.5,False,7.706,15.08,Melbourne,2023-07-06 01:58:00
11029,2018-03-09 16:06:45,Dinner,BK,"[('Salmon', 7), ('Shrimp', 6), ('Fish&Chips', 6), ('Pasta', 10)]",1096.0,False,10.263,16.96,Docklands,2023-07-06 01:58:00
9099,2018-10-23 17:48:10,Breakfast,TP,"[('Pasta', 5), ('Salmon', 7), ('Shrimp', 8), ('Fish&Chips', 8)]",1136.5,False,7.455,11.54,Southbank,2023-07-06 01:58:00
7385,2018-05-22 12:33:48,Lunch,TP,"[('Salad', 8), ('Steak', 1), ('Chicken', 9), ('Fries', 2), ('Burger', 8)]",742.6,False,10.082,12.96,North Melbourne,2023-07-06 01:58:00
6035,2018-07-02 09:10:59,Breakfast,NS,"[('Cereal', 10), ('Pancake', 7)]",379.75,False,9.99,15.09,Kamaishi,2023-07-06 01:58:00
4458,2018-03-10 17:07:36,Dinner,TP,"[('Pasta', 8), ('Fish&Chips', 1)]",255.0,False,9.059,13.38,West Melbourne,2023-07-06 01:58:00
4735,2018-02-27 09:51:32,Breakfast,TP,"[('Cereal', 7), ('Coffee', 10)]",222.0,False,9.136,11.87,East Melbourne,2023-07-06 01:58:00
10118,2018-12-01 18:59:09,Dinner,NS,"[('Pasta', 2), ('Fish&Chips', 8), ('Shrimp', 2), ('Salmon', 2)]",525.0,False,8.09,15.84,Melbourne,2023-07-06 01:58:00
506,2018-10-18 17:38:01,Dinner,BK,"[('Fish&Chips', 4), ('Pasta', 3)]",222.5,False,7.953,15.25,Southbank,2023-07-06 01:58:00
5959,2018-04-26 11:43:05,Breakfast,NS,"[('Coffee', 5), ('Eggs', 7)]",191.5,False,8.473,13.82,Southbank,2023-07-06 01:58:00
7570,2018-12-24 19:49:51,Dinner,BK,"[('Salmon', 6), ('Pasta', 5), ('Shrimp', 10), ('Fish&Chips', 2)]",993.5,False,10.787,18.01,Docklands,2023-07-06 01:58:00
5796,2018-09-14 16:27:02,Dinner,TP,"[('Shrimp', 5), ('Pasta', 3), ('Fish&Chips', 1)]",387.5,True,9.698,14.32,North Melbourne,2023-07-06 01:58:00
5667,2018-03-17 10:21:58,Breakfast,BK,"[('Shrimp', 2), ('Cereal', 1), ('Eggs', 3)]",135.5,False,8.237,15.5,Melbourne,2023-07-06 01:58:00
8374,2018-01-21 08:30:25,Breakfast,TP,"[('Coffee', 5), ('Pancake', 8)]",231.5,False,10.102,14.8,Carlton,2023-07-06 01:58:00
6134,2018-04-10 17:07:36,Dinner,NS,"[('Shrimp', 9), ('Fish&Chips', 3), ('Salmon', 3), ('Pasta', 4)]",824.0,False,10.138,15.81,North Melbourne,2023-07-06 01:58:00
10955,2018-03-17 10:21:58,Breakfast,TP,"[('Cereal', 1), ('Shrimp', 8)]",81.0,False,9.475,13.73,East Melbourne,2023-07-06 01:58:00
7181,2018-02-04 11:02:32,Breakfast,BK,"[('Pasta', 10), ('Pancake', 4)]",172.0,False,8.617,13.47,Docklands,2023-07-06 01:58:00
9079,2018-10-05 12:13:31,Lunch,BK,"[('Chicken', 1), ('Fries', 9)]",140.0,False,10.012,15.74,Docklands,2023-07-06 01:58:00
8783,2018-10-03 10:11:49,Breakfast,BK,"[('Coffee', 7), ('Pancake', 7)]",222.25,True,9.556,17.3,Docklands,2023-07-06 01:58:00
4973,2018-06-17 13:34:38,Lunch,NS,"[('Burger', 1), ('Chicken', 2), ('Fries', 2), ('Salad', 10), ('Steak', 9)]",696.0,False,8.176,15.45,West Melbourne,2023-07-06 01:58:00
489,2018-04-25 11:43:05,Dinner,TP,"[('Eggs', 6), ('Pancake', 3), ('Coffee', 4), ('Cereal', 6)]",360.75,False,8.529,11.18,Docklands,2023-07-06 01:58:00
1721,2018-12-11 18:28:43,Dinner,TP,"[('Salmon', 7), ('Shrimp', 1), ('Pasta', 6)]",506.0,False,10.481,14.61,Collingwood,2023-07-06 01:58:00
1330,2018-09-20 16:37:10,Dinner,BK,"[('Pasta', 1), ('Salmon', 5)]",232.5,False,4.937,12.06,Kamaishi,2023-07-06 01:58:00
2083,2018-07-27 14:45:38,Lunch,NS,"[('Steak', 10), ('Chicken', 2), ('Fries', 5), ('Burger', 8), ('Salad', 6)]",925.2,False,10.737,14.21,Collingwood,2023-07-06 01:58:00
6240,2018-03-01 09:51:32,Breakfast,BK,"[('Pancake', 8), ('Coffee', 2), ('Cereal', 3), ('Eggs', 8)]",448.0,False,6.687,11.17,Melbourne,2023-07-06 01:58:00
4709,2018-11-29 18:59:09,Dinner,NS,"[('Salmon', 3), ('Pasta', 4), ('Fish&Chips', 6)]",443.0,False,9.875,15.48,Richmond,2023-07-06 01:58:00
6707,2018-09-19 16:37:10,Dinner,NS,"[('Salmon', 7), ('Coffee', 8), ('Pasta', 2), ('Shrimp', 9)]",1108.0,False,8.855,15.09,North Melbourne,2023-07-06 01:58:00
1202,2018-10-15 17:27:53,Dinner,TP,"[('Salmon', 3), ('Fish&Chips', 8), ('Shrimp', 5)]",673.0,False,10.241,14.29,East Melbourne,2023-07-06 01:58:00
9967,2018-03-13 10:21:58,Breakfast,NS,"[('Eggs', 1), ('Pancake', 6), ('Cereal', 10), ('Coffee', 1)]",385.0,False,9.138,14.08,Kamaishi,2023-07-06 01:58:00
4015,2018-08-23 15:46:28,Lunch,TP,"[('Fries', 10), ('Salad', 6), ('Chicken', 9), ('Burger', 5), ('Steak', 1)]",534.0,False,9.442,12.71,West Melbourne,2023-07-06 01:58:00
54,2018-11-08 15:16:03,Lunch,TP,"[('Chicken', 6), ('Burger', 6), ('Steak', 5)]",603.0,False,8.55,13.33,Docklands,2023-07-06 01:58:00
7066,2018-01-17 08:30:25,Breakfast,TP,"[('Coffee', 7), ('Pancake', 4)]",149.5,True,11.275,6.7,Flemington,2023-07-06 01:58:00
7516,2018-05-22 12:33:48,Lunch,NS,"[('Fries', 3), ('Steak', 7), ('Salad', 10), ('Burger', 6)]",842.0,False,8.212,13.68,Collingwood,2023-07-06 01:58:00
3714,2018-03-03 10:01:41,Dinner,TP,"[('Pancake', 10), ('Cereal', 7), ('Eggs', 9)]",587.5,False,9.5,13.08,Collingwood,2023-07-06 01:58:00
5711,2018-07-04 11:12:40,Breakfast,NS,"[('Coffee', 10), ('Eggs', 10), ('Pancake', 8), ('Cereal', 6)]",615.0,False,10.772,17.68,Kamaishi,2023-07-06 01:58:00
2509,2018-06-11 18:08:27,Dinner,BK,"[('Shrimp', 7), ('Salmon', 1), ('Fish&Chips', 9), ('Pasta', 10)]",1009.0,False,7.771,14.59,Melbourne,2023-07-06 01:58:00
3274,2018-02-07 13:54:55,Lunch,TP,"[('Steak', 9), ('Burger', 1), ('Salad', 2), ('Chicken', 4), ('Fries', 5)]",658.4,False,7.622,12.24,West Melbourne,2023-07-06 01:58:00
4443,2018-09-03 10:11:49,Breakfast,NS,"[('Cereal', 10), ('Coffee', 1), ('Pancake', 9)]",435.75,False,8.14,13.15,Kamaishi,2023-07-06 01:58:00
6904,2018-05-15 12:23:39,Lunch,BK,"[('Burger', 9), ('Steak', 2)]",369.0,False,9.009,14.78,Kamaishi,2023-07-06 01:58:00
3389,2018-01-18 08:30:25,Breakfast,NS,"[('Eggs', 1), ('Cereal', 5), ('Coffee', 10)]",202.0,True,6.744,6.15,Carlton,2023-07-06 01:58:00
7355,2018-04-28 11:53:14,Breakfast,NS,"[('Coffee', 2), ('Pancake', 6)]",160.5,False,7.963,12.66,Southbank,2023-07-06 01:58:00
617,2018-05-31 12:54:05,Dinner,BK,"[('Fries', 9), ('Chicken', 1), ('Salad', 10), ('Steak', 3)]",447.0,False,8.336,14.64,Southbank,2023-07-06 01:58:00
2788,2018-05-10 17:07:36,Dinner,NS,"[('Salad', 4), ('Shrimp', 9)]",596.0,False,8.29,14.23,Docklands,2023-07-06 01:58:00
10311,2018-12-04 11:12:40,Breakfast,TP,"[('Coffee', 7), ('Eggs', 9), ('Cereal', 10)]",460.5,False,8.279,11.38,Melbourne,2023-07-06 01:58:00
1680,2018-11-11 18:18:35,Dinner,TP,"[('Pasta', 9), ('Salmon', 4), ('Fish&Chips', 7), ('Shrimp', 10)]",1196.5,False,9.327,15.23,East Melbourne,2023-07-06 01:58:00
1551,2018-09-04 16:06:45,Dinner,TP,"[('Fish&Chips', 2), ('Salmon', 4)]",234.0,False,10.814,14.72,West Melbourne,2023-07-06 01:58:00
5793,2018-10-22 17:48:10,Dinner,NS,"[('Shrimp', 4), ('Fish&Chips', 1), ('Pasta', 2), ('Salmon', 3)]",429.0,False,8.92,15.35,Southbank,2023-07-06 01:58:00
5131,2018-03-22 10:32:06,Breakfast,TP,"[('Eggs', 7), ('Coffee', 4)]",184.0,False,9.357,11.89,Kamaishi,2023-07-06 01:58:00
6915,2018-12-08 15:26:11,Lunch,TP,"[('Steak', 8), ('Burger', 5), ('Fries', 4), ('Chicken', 7), ('Salad', 6)]",890.2,False,10.352,18.89,Docklands,2023-07-06 01:58:00
1734,2018-12-27 20:00:00,Dinner,NS,"[('Salmon', 5), ('Pasta', 4), ('Shrimp', 2), ('Fish&Chips', 5)]",598.0,False,7.469,13.64,Melbourne,2023-07-06 01:58:00
2738,2018-10-22 17:48:10,Dinner,NS,"[('Shrimp', 7), ('Salmon', 8), ('Fish&Chips', 5), ('Pasta', 5)]",1018.5,False,9.023,14.98,Southbank,2023-07-06 01:58:00
4290,2018-09-08 15:16:03,Lunch,BK,"[('Salad', 2), ('Fries', 1)]",46.4,False,8.211,14.31,Carlton,2023-07-06 01:58:00
6167,2018-08-11 18:18:35,Dinner,TP,"[('Shrimp', 7), ('Pasta', 10), ('Salmon', 6), ('Fish&Chips', 3)]",1004.0,False,8.814,12.85,East Melbourne,2023-07-06 01:58:00
3458,2018-10-24 17:48:10,Dinner,BK,"[('Shrimp', 6), ('Fish&Chips', 4)]",464.0,False,4.371,11.17,Kamaishi,2023-07-06 01:58:00
4103,2018-12-20 19:39:43,Dinner,BK,"[('Shrimp', 7), ('Salmon', 7), ('Fish&Chips', 7)]",910.0,False,8.851,16.17,West Melbourne,2023-07-06 01:58:00
4088,2018-10-24 17:48:10,Dinner,NS,"[('Shrimp', 1), ('Eggs', 5)]",191.5,False,8.868,15.79,Southbank,2023-07-06 01:58:00
3699,2018-11-17 18:38:52,Dinner,BK,"[('Fish&Chips', 2), ('Salmon', 7)]",357.0,False,7.753,17.69,Carlton,2023-07-06 01:58:00
1398,2018-05-29 12:54:05,Lunch,NS,"[('Burger', 8), ('Steak', 6), ('Chicken', 5), ('Fries', 5), ('Salad', 9)]",892.8,False,9.221,14.53,Docklands,2023-07-06 01:58:00
7751,2018-05-21 12:33:48,Lunch,NS,"[('Fries', 8), ('Chicken', 8), ('Steak', 10), ('Burger', 4)]",926.0,False,8.37,15.04,North Melbourne,2023-07-06 01:58:00
7146,2018-04-16 11:22:49,Breakfast,TP,"[('Eggs', 8), ('Pancake', 1), ('Cereal', 5)]",305.25,False,10.195,12.69,North Melbourne,2023-07-06 01:58:00
4713,2018-01-25 08:40:33,Breakfast,BK,"[('Coffee', 8), ('Eggs', 2), ('Pancake', 5), ('Cereal', 6)]",351.25,False,8.76,13.45,Kamaishi,2023-07-06 01:58:00
10116,2018-05-14 12:23:39,Lunch,NS,"[('Chicken', 4), ('Burger', 4)]",252.0,False,8.936,14.59,Southbank,2023-07-06 01:58:00
7058,2018-09-15 16:27:02,Dinner,BK,"[('Shrimp', 1), ('Salmon', 10)]",464.0,False,7.667,16.78,Melbourne,2023-07-06 01:58:00
7621,2018-05-10 17:07:36,Dinner,NS,"[('Shrimp', 8), ('Pasta', 9), ('Salmon', 4), ('Fish&Chips', 2)]",189.0,False,7.993,14.04,West Melbourne,2023-07-06 01:58:00
440,2018-09-09 16:16:54,Dinner,BK,"[('Shrimp', 6), ('Fish&Chips', 2)]",394.0,False,4.386,13.91,Richmond,2023-07-06 01:58:00
10935,2018-09-07 14:15:12,Lunch,NS,"[('Burger', 5), ('Chicken', 5), ('Steak', 3), ('Fries', 1), ('Salad', 10)]",634.0,False,9.393,15.5,Kamaishi,2023-07-06 01:58:00
8041,2018-10-31 17:58:18,Dinner,BK,"[('Fish&Chips', 8), ('Shrimp', 7), ('Pasta', 2)]",713.0,False,8.111,15.04,Southbank,2023-07-06 01:58:00
5975,2018-04-01 08:00:00,Breakfast,BK,"[('Pancake', 9), ('Eggs', 8), ('Cereal', 2)]",436.25,True,4.369,4.21,Richmond,2023-07-06 01:58:00
1219,2018-05-06 12:03:22,Lunch,TP,"[('Burger', 1), ('Steak', 1)]",76.0,False,10.212,15.07,Docklands,2023-07-06 01:58:00
4049,2018-04-13 11:22:49,Breakfast,BK,"[('Coffee', 4), ('Eggs', 7), ('Pancake', 6), ('Cereal', 8)]",497.5,False,7.781,12.9,Southbank,2023-07-06 01:58:00
3575,2018-01-21 08:40:33,Breakfast,TP,"[('Pancake', 5), ('Cereal', 9), ('Coffee', 5), ('Eggs', 6)]",479.75,False,7.94,11.87,Melbourne,2023-07-06 01:58:00
9014,2018-02-26 09:51:32,Breakfast,BK,"[('Eggs', 6), ('Coffee', 2), ('Cereal', 6)]",273.0,True,6.728,11.51,Melbourne,2023-07-06 01:58:00
5159,2018-12-27 20:00:00,Dinner,TP,"[('Pasta', 7), ('Fish&Chips', 1), ('Salmon', 4)]",391.5,False,8.603,13.69,Docklands,2023-07-06 01:58:00
8619,2018-08-18 15:36:20,Lunch,BK,"[('Salad', 5), ('Chicken', 8)]",342.0,False,7.026,15.66,Melbourne,2023-07-06 01:58:00
1509,2018-12-14 19:29:34,Dinner,NS,"[('Pasta', 8), ('Fish&Chips', 1), ('Salmon', 8), ('Shrimp', 4)]",799.0,False,9.738,15.68,West Melbourne,2023-07-06 01:58:00
3995,2018-06-28 13:54:55,Dinner,BK,"[('Chicken', 7), ('Salad', 2), ('Burger', 9), ('Steak', 8)]",897.4,False,7.622,13.91,Southbank,2023-07-06 01:58:00
3938,2018-07-25 14:45:38,Lunch,TP,"[('Steak', 2), ('Burger', 3), ('Fries', 3), ('Salad', 3), ('Chicken', 10)]",590.6,False,10.04,13.01,West Melbourne,2023-07-06 01:58:00
4512,2018-12-24 19:49:51,Dinner,BK,"[('Shrimp', 2), ('Salmon', 3), ('Pasta', 6), ('Fish&Chips', 3)]",501.0,False,6.657,12.81,East Melbourne,2023-07-06 01:58:00
9608,2018-12-24 19:49:51,Dinner,TP,"[('Pasta', 5), ('Salmon', 10), ('Fish&Chips', 6)]",757.5,False,10.929,14.57,Richmond,2023-07-06 01:58:00
5338,2018-02-19 09:31:16,Breakfast,TP,"[('Eggs', 8), ('Coffee', 5), ('Pancake', 10), ('Cereal', 8)]",624.0,False,11.381,13.38,Flemington,2023-07-06 01:58:00
4730,2018-10-06 13:14:21,Lunch,NS,"[('Burger', 10), ('Steak', 9), ('Fries', 1)]",727.0,False,8.636,16.5,Clifton Hill,2023-07-06 01:58:00
9746,2018-03-24 10:42:15,Breakfast,TP,"[('Pancake', 8), ('Coffee', 9), ('Eggs', 9), ('Cereal', 10)]",669.5,False,12.011,15.56,Richmond,2023-07-06 01:58:00
3354,2018-06-29 13:54:55,Lunch,BK,"[('Salad', 2), ('Chicken', 1)]",66.4,False,5.082,10.61,Kamaishi,2023-07-06 01:58:00
1160,2018-11-18 18:38:52,Dinner,NS,"[('Shrimp', 4), ('Salmon', 8), ('Eggs', 5), ('Pasta', 1)]",746.5,False,9.639,17.32,Richmond,2023-07-06 01:58:00
6296,2018-08-06 13:14:21,Lunch,NS,"[('Burger', 5), ('Chicken', 8)]",411.0,False,8.447,13.81,North Melbourne,2023-07-06 01:58:00
8622,2018-08-08 15:16:03,Lunch,TP,"[('Fries', 8), ('Burger', 3)]",189.0,True,9.697,13.45,Carlton,2023-07-06 01:58:00
7129,2018-11-20 18:38:52,Dinner,TP,"[('Salmon', 5), ('Shrimp', 5), ('Fish&Chips', 2)]",545.0,False,8.816,12.57,Docklands,2023-07-06 01:58:00
1236,2018-06-05 12:03:22,Lunch,TP,"[('Fries', 9), ('Chicken', 9), ('Salad', 8), ('Burger', 4)]",657.6,False,8.067,14.96,Collingwood,2023-07-06 01:58:00
8021,2018-01-03 09:51:32,Breakfast,TP,"[('Eggs', 10), ('Cereal', 8), ('Pancake', 1)]",412.25,True,9.77,12.35,Docklands,2023-07-06 01:58:00
1476,2018-05-04 11:02:32,Lunch,BK,"[('Eggs', 3), ('Pancake', 1)]",90.25,False,5.509,10.07,Clifton Hill,2023-07-06 01:58:00
6434,2018-03-18 10:32:06,Breakfast,BK,"[('Coffee', 3), ('Eggs', 7)]",176.5,False,9.065,13.73,East Melbourne,2023-07-06 01:58:00
6424,2018-12-14 19:29:34,Dinner,BK,"[('Fish&Chips', 5), ('Salmon', 1), ('Pasta', 1)]",243.5,False,8.024,15.18,Melbourne,2023-07-06 01:58:00
2460,2018-03-31 10:52:23,Breakfast,NS,"[('Pancake', 4), ('Coffee', 6), ('Cereal', 4), ('Eggs', 2)]",270.0,False,9.084,16.04,Southbank,2023-07-06 01:58:00
5142,2018-02-24 09:41:24,Breakfast,BK,"[('Cereal', 3), ('Pancake', 5), ('Eggs', 10)]",828.0,False,7.532,14.94,Melbourne,2023-07-06 01:58:00
9572,2018-06-14 13:24:30,Lunch,TP,"[('Salad', 2), ('Chicken', 9)]",322.4,False,9.621,12.82,North Melbourne,2023-07-06 01:58:00
5389,2018-08-10 17:17:44,Dinner,NS,"[('Shrimp', 10), ('Fish&Chips', 10), ('Pasta', 9), ('Salmon', 8)]",1465.5,False,6.737,12.53,Carlton,2023-07-06 01:58:00
3895,2018-04-24 11:43:05,Breakfast,NS,"[('Eggs', 9), ('Cereal', 6)]",324.0,False,8.516,13.86,Kamaishi,2023-07-06 01:58:00
9979,2018-06-02 09:10:59,Breakfast,BK,"[('Cereal', 6), ('Coffee', 5), ('Eggs', 6), ('Pancake', 6)]",441.0,False,10.33,15.42,Docklands,2023-07-06 01:58:00
2267,2018-09-05 12:13:31,Lunch,BK,"[('Burger', 9), ('Salad', 1), ('Steak', 10), ('Fries', 9), ('Chicken', 5)]",1014.2,False,8.237,13.5,Carlton,2023-07-06 01:58:00
1408,2018-01-23 08:40:33,Breakfast,NS,"[('Coffee', 4), ('Pancake', 7)]",269.0,False,10.411,15.55,North Melbourne,2023-07-06 01:58:00
6990,2018-12-22 19:49:51,Dinner,BK,"[('Shrimp', 5), ('Fish&Chips', 9), ('Salmon', 7), ('Pasta', 9)]",351.25,False,7.263,16.95,Melbourne,2023-07-06 01:58:00
7712,2018-05-01 08:00:00,Dinner,NS,"[('Cereal', 6), ('Coffee', 5), ('Pancake', 1)]",187.75,True,7.358,6.19,Collingwood,2023-07-06 01:58:00
7318,2018-07-14 14:25:21,Lunch,TP,"[('Steak', 3), ('Fish&Chips', 10), ('Burger', 10), ('Chicken', 7), ('Salad', 8)]",926.6,False,10.561,14.93,Richmond,2023-07-06 01:58:00
10488,2018-10-25 17:48:10,Dinner,NS,"[('Pasta', 10), ('Fish&Chips', 2)]",345.0,False,7.663,13.41,Melbourne,2023-07-06 01:58:00
10327,2018-08-16 15:26:11,Lunch,BK,"[('Fries', 3), ('Burger', 4), ('Salad', 6), ('Chicken', 4)]",391.2,False,4.077,10.44,Kamaishi,2023-07-06 01:58:00
10665,2018-09-04 11:12:40,Breakfast,NS,"[('Eggs', 2), ('Cereal', 2)]",86.0,False,9.453,14.13,North Melbourne,2023-07-06 01:58:00
10488,2018-03-29 10:52:23,Breakfast,TP,"[('Coffee', 9), ('Eggs', 9), ('Cereal', 10), ('Pancake', 3)]",548.25,False,9.06,11.68,Melbourne,2023-07-06 01:58:00
9109,2018-10-11 18:18:35,Dinner,NS,"[('Fish&Chips', 1), ('Shrimp', 8)]",467.0,False,10.872,18.77,Richmond,2023-07-06 01:58:00
9040,2018-09-29 16:57:27,Dinner,BK,"[('Salmon', 3), ('Shrimp', 4), ('Fish&Chips', 6)]",549.0,True,8.625,18.16,North Melbourne,2023-07-06 01:58:00
2688,2018-05-10 17:07:36,Lunch,TP,"[('Salmon', 4), ('Shrimp', 4), ('Pasta', 1)]",407.5,False,8.311,12.46,Melbourne,2023-07-06 01:58:00
7308,2018-04-07 14:05:04,Lunch,NS,"[('Steak', 8), ('Chicken', 8), ('Burger', 8), ('Fries', 1), ('Salad', 1)]",893.2,False,9.785,15.26,Upernavik,2023-07-06 01:58:00
1286,2018-09-23 16:47:19,Dinner,TP,"[('Shrimp', 1), ('Pasta', 3), ('Fish&Chips', 8), ('Salmon', 5)]",621.5,False,11.261,16.51,Abbotsford,2023-07-06 01:58:00
10546,2018-08-03 15:05:54,Lunch,NS,"[('Steak', 6), ('Fries', 5), ('Chicken', 6), ('Salad', 2)]",556.4,False,8.894,13.93,East Melbourne,2023-07-06 01:58:00
8758,2018-10-26 17:48:10,Dinner,TP,"[('Shrimp', 4), ('Salmon', 2)]",298.0,False,10.516,14.21,Richmond,2023-07-06 01:58:00
1873,2018-12-09 16:27:02,Dinner,TP,"[('Pasta', 9), ('Shrimp', 3), ('Fish&Chips', 10)]",759.5,False,11.951,15.75,Abbotsford,2023-07-06 01:58:00
6380,2018-11-10 18:18:35,Dinner,TP,"[('Salmon', 7), ('Fish&Chips', 5)]",462.0,False,9.192,14.4,East Melbourne,2023-07-06 01:58:00
873,2018-10-01 17:07:36,Dinner,BK,"[('Fish&Chips', 9), ('Salmon', 2), ('Shrimp', 1)]",451.0,False,6.768,14.27,East Melbourne,2023-07-06 01:58:00
9301,2018-12-29 20:00:00,Dinner,NS,"[('Fish&Chips', 5), ('Salad', 10)]",450.0,False,9.935,17.87,Docklands,2023-07-06 01:58:00
10435,2018-02-10 17:07:36,Dinner,TP,"[('Fish&Chips', 5), ('Shrimp', 10)]",387.0,False,7.537,11.27,Southbank,2023-07-06 01:58:00
9427,2018-02-24 09:41:24,Breakfast,NS,"[('Eggs', 3), ('Cereal', 4), ('Coffee', 8), ('Pancake', 4)]",307.0,False,8.519,15.73,Kamaishi,2023-07-06 01:58:00
5512,2018-06-25 13:44:47,Lunch,NS,"[('Fries', 4), ('Steak', 8), ('Chicken', 6), ('Salad', 2)]",634.4,False,9.397,14.67,East Melbourne,2023-07-06 01:58:00
7882,2018-04-26 11:43:05,Breakfast,NS,"[('Cereal', 7), ('Pancake', 1), ('Eggs', 4)]",259.25,False,8.37,13.51,Melbourne,2023-07-06 01:58:00
5762,2018-03-31 10:52:23,Breakfast,BK,"[('Eggs', 3), ('Cereal', 5), ('Coffee', 9)]",238.5,False,7.54,15.0,Melbourne,2023-07-06 01:58:00
10724,2018-04-06 13:04:13,Lunch,NS,"[('Fries', 1), ('Salad', 9), ('Chicken', 10), ('Steak', 9), ('Burger', 1)]",172.2,False,8.369,13.72,Melbourne,2023-07-06 01:58:00
1105,2018-06-16 13:24:30,Lunch,NS,"[('Burger', 5), ('Fries', 9), ('Steak', 3), ('Chicken', 8)]",654.0,True,10.636,17.84,Richmond,2023-07-06 01:58:00
8513,2018-02-17 09:31:16,Lunch,NS,"[('Coffee', 6), ('Pancake', 3), ('Cereal', 9)]",306.75,False,9.921,17.09,East Melbourne,2023-07-06 01:58:00
9213,2018-04-14 11:22:49,Breakfast,BK,"[('Eggs', 3), ('Cereal', 1), ('Coffee', 9)]",154.5,False,5.574,12.68,East Melbourne,2023-07-06 01:58:00
1359,2018-02-02 09:00:50,Breakfast,TP,"[('Eggs', 4), ('Coffee', 10)]",163.0,False,7.659,10.43,Southbank,2023-07-06 01:58:00
5632,2018-04-04 11:02:32,Breakfast,TP,"[('Cereal', 2), ('Eggs', 3)]",108.0,False,8.754,11.78,East Melbourne,2023-07-06 01:58:00
8594,2018-11-14 18:28:43,Dinner,BK,"[('Shrimp', 4), ('Salmon', 8), ('Fish&Chips', 2), ('Pasta', 6)]",779.0,False,9.302,16.3,Docklands,2023-07-06 01:58:00
3840,2018-07-27 14:55:46,Lunch,TP,"[('Steak', 3), ('Fries', 5)]",679.25,False,10.606,13.72,Collingwood,2023-07-06 01:58:00
5239,2018-09-25 16:47:19,Dinner,BK,"[('Shrimp', 6), ('Fish&Chips', 9), ('Pasta', 5), ('Salmon', 7)]",1063.5,True,7.628,14.5,Melbourne,2023-07-06 01:58:00
2573,2018-09-13 16:27:02,Breakfast,NS,"[('Pasta', 4), ('Fish&Chips', 9), ('Salmon', 4)]",589.0,False,7.621,13.61,North Melbourne,2023-07-06 01:58:00
2242,2018-09-28 16:57:27,Dinner,TP,"[('Shrimp', 6), ('Salmon', 5)]",529.0,False,10.117,14.04,North Melbourne,2023-07-06 01:58:00
1419,2018-01-03 09:51:32,Breakfast,NS,"[('Pancake', 8), ('Eggs', 4), ('Coffee', 3)]",304.5,False,10.746,15.65,Docklands,2023-07-06 01:58:00
7699,2018-09-23 16:47:19,Dinner,BK,"[('Shrimp', 7), ('Salmon', 4), ('Eggs', 9), ('Pasta', 4)]",967.0,False,7.926,17.17,Melbourne,2023-07-06 01:58:00
548,2018-07-25 14:45:38,Lunch,BK,"[('Steak', 5), ('Burger', 4)]",349.0,True,8.253,13.69,West Melbourne,2023-07-06 01:58:00
2930,2018-11-30 18:59:09,Dinner,BK,"[('Fish&Chips', 4), ('Salmon', 6), ('Shrimp', 7), ('Pasta', 2)]",819.0,False,9.975,12.27,Abbotsford,2023-07-06 01:58:00
2137,2018-03-29 10:52:23,Breakfast,NS,"[('Pancake', 9), ('Eggs', 5), ('Cereal', 6), ('Coffee', 2)]",469.25,False,9.258,13.99,Richmond,2023-07-06 01:58:00
3240,2018-03-17 10:21:58,Breakfast,TP,"[('Pancake', 1), ('Cereal', 9)]",213.25,False,12.062,13.47,East Melbourne,2023-07-06 01:58:00
2082,2018-11-04 11:12:40,Breakfast,NS,"[('Eggs', 3), ('Pancake', 10), ('Cereal', 3), ('Coffee', 8)]",431.5,True,6.874,12.14,Carlton,2023-07-06 01:58:00
2766,2018-07-09 16:16:54,Dinner,BK,"[('Shrimp', 6), ('Fish&Chips', 10), ('Pasta', 8)]",894.0,False,8.774,13.45,East Melbourne,2023-07-06 01:58:00
8249,2018-02-28 09:51:32,Breakfast,NS,"[('Eggs', 3), ('Pancake', 1)]",90.25,False,10.298,15.56,Richmond,2023-07-06 01:58:00
7206,2018-07-24 14:45:38,Lunch,NS,"[('Burger', 7), ('Fries', 8), ('Salad', 9)]",467.8,False,9.112,14.79,Abbotsford,2023-07-06 01:58:00
7824,2018-05-27 12:43:56,Lunch,BK,"[('Steak', 1), ('Burger', 4)]",169.0,False,7.728,15.88,Kamaishi,2023-07-06 01:58:00
7348,2018-01-19 08:30:25,Breakfast,NS,"[('Coffee', 4), ('Eggs', 9), ('Cereal', 2)]",270.0,False,6.947,13.41,West Melbourne,2023-07-06 01:58:00
3289,2018-11-26 18:59:09,Dinner,BK,"[('Salmon', 5), ('Pasta', 10), ('Fish&Chips', 6), ('Shrimp', 3)]",852.0,False,8.363,15.69,Southbank,2023-07-06 01:58:00
7592,2018-08-08 15:16:03,Lunch,BK,"[('Chicken', 8), ('Fries', 6), ('Steak', 10)]",369.0,False,8.363,13.77,West Melbourne,2023-07-06 01:58:00
8415,2018-08-10 15:16:03,Lunch,TP,"[('Salad', 3), ('Chicken', 8), ('Fries', 9), ('Burger', 4), ('Steak', 2)]",629.6,False,9.016,12.5,Docklands,2023-07-06 01:58:00
4510,2018-06-17 13:24:30,Lunch,NS,"[('Salad', 6), ('Burger', 2), ('Steak', 4)]",385.0,False,10.768,18.21,West Melbourne,2023-07-06 01:58:00
587,2018-08-10 17:17:44,Breakfast,TP,"[('Pasta', 8), ('Fish&Chips', 2)]",290.0,False,7.758,12.29,Melbourne,2023-07-06 01:58:00
10162,2018-05-27 12:43:56,Lunch,BK,"[('Fries', 6), ('Chicken', 3), ('Burger', 8)]",416.0,False,8.527,17.24,North Melbourne,2023-07-06 01:58:00
8704,2018-11-25 18:49:00,Dinner,NS,"[('Shrimp', 7), ('Salmon', 3), ('Fish&Chips', 3), ('Pasta', 10)]",881.0,False,6.788,14.4,Kamaishi,2023-07-06 01:58:00
3430,2018-12-30 20:00:00,Dinner,NS,"[('Fish&Chips', 8), ('Salmon', 6), ('Shrimp', 9), ('Pasta', 5)]",1149.5,False,7.496,15.36,Melbourne,2023-07-06 01:58:00
8290,2018-05-11 12:13:31,Lunch,NS,"[('Chicken', 3), ('Burger', 1), ('Steak', 3), ('Fries', 10), ('Salad', 9)]",536.8,False,9.205,14.64,Abbotsford,2023-07-06 01:58:00
8560,2018-09-07 14:15:12,Lunch,BK,"[('Steak', 9), ('Salad', 1), ('Burger', 7)]",639.2,True,6.5,12.28,Fitzroy,2023-07-06 01:58:00
2736,2018-02-06 13:04:13,Lunch,TP,"[('Salad', 9), ('Burger', 5), ('Chicken', 9), ('Steak', 1), ('Fries', 7)]",726.8,False,12.892,17.1,Kamaishi,2023-07-06 01:58:00
3103,2018-11-21 18:38:52,Dinner,BK,"[('Shrimp', 8), ('Salmon', 9), ('Fish&Chips', 4), ('Pasta', 9)]",1188.5,False,10.285,17.17,West Melbourne,2023-07-06 01:58:00
8707,2018-08-26 15:46:28,Lunch,NS,"[('Burger', 4), ('Fries', 10), ('Steak', 7)]",559.0,False,7.728,16.48,Clifton Hill,2023-07-06 01:58:00
4401,2018-02-19 09:31:16,Breakfast,NS,"[('Coffee', 2), ('Cereal', 2), ('Pancake', 3)]",129.75,True,7.535,12.41,Melbourne,2023-07-06 01:58:00
132,2018-08-19 15:36:20,Lunch,NS,"[('Steak', 5), ('Burger', 4), ('Chicken', 2), ('Fries', 10), ('Salad', 9)]",360.75,False,8.254,15.99,Melbourne,2023-07-06 01:58:00
4399,2018-06-11 18:18:35,Dinner,TP,"[('Fish&Chips', 8), ('Salmon', 7), ('Pasta', 10)]",842.0,False,8.032,12.38,Melbourne,2023-07-06 01:58:00
6365,2018-06-05 12:03:22,Lunch,TP,"[('Steak', 1), ('Chicken', 6), ('Fries', 3), ('Salad', 4), ('Burger', 5)]",496.8,False,8.802,14.49,Collingwood,2023-07-06 01:58:00
9347,2018-06-30 13:54:55,Breakfast,BK,"[('Fries', 9), ('Chicken', 6), ('Burger', 5), ('Salad', 8), ('Steak', 8)]",952.6,False,6.166,14.96,East Melbourne,2023-07-06 01:58:00
6747,2018-12-25 19:49:51,Dinner,BK,"[('Fish&Chips', 6), ('Pasta', 5)]",347.5,False,7.916,14.13,Southbank,2023-07-06 01:58:00
1690,2018-04-15 11:22:49,Breakfast,BK,"[('Eggs', 9), ('Cereal', 7)]",345.0,False,12.343,15.93,Kensington,2023-07-06 01:58:00
205,2018-02-20 09:41:24,Breakfast,TP,"[('Eggs', 2), ('Pancake', 7)]",213.75,False,8.104,10.85,Docklands,2023-07-06 01:58:00
2983,2018-06-10 17:07:36,Breakfast,NS,"[('Pasta', 7), ('Fish&Chips', 10), ('Salmon', 3)]",665.5,False,8.322,16.63,Melbourne,2023-07-06 01:58:00
8977,2018-10-28 17:58:18,Dinner,NS,"[('Shrimp', 7), ('Salmon', 1)]",629.6,False,8.257,16.21,East Melbourne,2023-07-06 01:58:00
8758,2018-06-24 13:44:47,Lunch,TP,"[('Salad', 2), ('Steak', 6)]",304.4,False,9.005,14.55,West Melbourne,2023-07-06 01:58:00
4769,2018-09-29 16:57:27,Dinner,NS,"[('Salmon', 8), ('Shrimp', 7), ('Pasta', 3), ('Fish&Chips', 5)]",234.0,False,8.0,16.18,North Melbourne,2023-07-06 01:58:00
3719,2018-03-09 16:06:45,Dinner,NS,"[('Fish&Chips', 9), ('Coffee', 6)]",480.0,False,7.462,13.19,Melbourne,2023-07-06 01:58:00
7263,2018-04-17 11:22:49,Breakfast,TP,"[('Pancake', 2), ('Eggs', 2), ('Coffee', 2), ('Cereal', 3)]",170.5,False,9.421,11.8,Carlton,2023-07-06 01:58:00
8384,2018-01-21 08:30:25,Breakfast,BK,"[('Pancake', 7), ('Eggs', 6), ('Cereal', 5)]",406.75,False,7.536,15.02,Carlton,2023-07-06 01:58:00
7899,2018-08-20 15:36:20,Lunch,BK,"[('Chicken', 2), ('Fries', 9), ('Salad', 7)]",292.4,False,6.817,12.46,Melbourne,2023-07-06 01:58:00
1917,2018-03-05 12:03:22,Lunch,NS,"[('Salad', 10), ('Fries', 4), ('Steak', 7)]",535.0,False,7.659,13.42,Collingwood,2023-07-06 01:58:00
5419,2018-03-04 11:02:32,Breakfast,BK,"[('Pancake', 7), ('Eggs', 6)]",301.75,False,6.056,10.39,Collingwood,2023-07-06 01:58:00
10908,2018-01-16 08:20:16,Breakfast,NS,"[('Eggs', 5), ('Coffee', 8), ('Cereal', 10)]",380.0,True,7.908,6.21,Melbourne,2023-07-06 01:58:00
107,2018-12-31 20:00:00,Dinner,TP,"[('Shrimp', 8), ('Fish&Chips', 1)]",467.0,False,9.146,13.26,Carlton,2023-07-06 01:58:00
6085,2018-09-07 14:15:12,Lunch,BK,"[('Salad', 3), ('Fries', 5)]",111.6,False,7.044,12.94,East Melbourne,2023-07-06 01:58:00
1477,2018-07-11 14:15:12,Lunch,NS,"[('Fries', 8), ('Salad', 2), ('Burger', 2), ('Chicken', 10), ('Steak', 9)]",917.4,False,6.551,12.15,Fitzroy,2023-07-06 01:58:00
6994,2018-12-16 19:29:34,Dinner,NS,"[('Shrimp', 6), ('Pasta', 9), ('Fish&Chips', 8)]",851.5,False,7.381,15.46,Kamaishi,2023-07-06 01:58:00
9639,2018-07-15 14:25:21,Lunch,BK,"[('Burger', 2), ('Fries', 9)]",170.0,False,12.767,22.11,Flemington,2023-07-06 01:58:00
4943,2018-03-23 10:42:15,Breakfast,BK,"[('Cereal', 2), ('Pancake', 5), ('Coffee', 6)]",208.25,False,6.454,11.85,East Melbourne,2023-07-06 01:58:00
8168,2018-02-07 14:05:04,Lunch,NS,"[('Fries', 2), ('Steak', 9), ('Chicken', 7)]",653.0,False,10.137,13.39,Melbourne,2023-07-06 01:58:00
1842,2018-08-19 15:36:20,Lunch,NS,"[('Steak', 9), ('Burger', 6), ('Fries', 9), ('Eggs', 3), ('Salad', 8)]",932.6,False,8.326,16.15,Clifton Hill,2023-07-06 01:58:00
731,2018-11-08 15:16:03,Lunch,NS,"[('Steak', 8), ('Chicken', 10), ('Salad', 10), ('Burger', 1), ('Fries', 5)]",943.0,False,9.89,17.26,West Melbourne,2023-07-06 01:58:00
5963,2018-08-19 15:36:20,Lunch,TP,"[('Chicken', 10), ('Salad', 6), ('Burger', 6), ('Steak', 1)]",654.2,False,10.112,14.85,Collingwood,2023-07-06 01:58:00
3942,2018-09-23 16:47:19,Dinner,BK,"[('Pasta', 2), ('Fish&Chips', 1)]",90.0,False,5.069,14.24,Abbotsford,2023-07-06 01:58:00
3960,2018-08-18 15:36:20,Lunch,BK,"[('Chicken', 9), ('Fries', 5)]",348.0,False,9.437,17.34,Docklands,2023-07-06 01:58:00
10654,2018-07-31 14:55:46,Lunch,TP,"[('Chicken', 9), ('Fries', 2), ('Steak', 5)]",537.0,False,10.318,13.39,West Melbourne,2023-07-06 01:58:00
149,2018-04-07 14:05:04,Dinner,BK,"[('Steak', 10), ('Burger', 10), ('Chicken', 6), ('Salad', 3), ('Fries', 4)]",1051.6,False,10.673,16.63,Port Melbourne,2023-07-06 01:58:00
8368,2018-11-28 18:59:09,Dinner,BK,"[('Pasta', 4), ('Salmon', 2), ('Shrimp', 4)]",408.0,False,4.926,12.34,Upernavik,2023-07-06 01:58:00
258,2018-01-18 08:30:25,Breakfast,BK,"[('Pancake', 1), ('Cereal', 7), ('Eggs', 5)]",281.25,True,4.465,4.63,Richmond,2023-07-06 01:58:00
1280,2018-11-21 18:49:00,Dinner,NS,"[('Pasta', 10), ('Salmon', 6), ('Fish&Chips', 3)]",1188.5,False,10.209,16.74,North Melbourne,2023-07-06 01:58:00
9883,2018-03-07 14:05:04,Lunch,BK,"[('Salad', 5), ('Burger', 6), ('Steak', 7), ('Chicken', 2), ('Fries', 8)]",747.0,False,7.403,13.67,Kamaishi,2023-07-06 01:58:00
224,2018-09-18 16:37:10,Dinner,TP,"[('Shrimp', 6), ('Pasta', 1), ('Salmon', 5)]",501.75,False,9.222,13.6,West Melbourne,2023-07-06 01:58:00
4032,2018-09-28 16:57:27,Dinner,TP,"[('Fish&Chips', 7), ('Shrimp', 2)]",353.0,False,10.263,14.37,North Melbourne,2023-07-06 01:58:00
10016,2018-06-18 13:34:38,Lunch,NS,"[('Steak', 9), ('Salad', 6), ('Burger', 2), ('Chicken', 7), ('Fries', 2)]",818.2,False,7.652,13.18,Melbourne,2023-07-06 01:58:00
2586,2018-09-29 16:57:27,Dinner,NS,"[('Shrimp', 8), ('Salmon', 3), ('Fish&Chips', 10), ('Pasta', 2)]",960.0,False,9.955,18.28,North Melbourne,2023-07-06 01:58:00
1680,2018-10-11 18:18:35,Dinner,BK,"[('Pasta', 9), ('Shrimp', 10), ('Salmon', 8), ('Fish&Chips', 4)]",1255.5,True,6.264,15.86,East Melbourne,2023-07-06 01:58:00
5480,2018-10-24 17:48:10,Dinner,TP,"[('Pasta', 5), ('Salmon', 9), ('Shrimp', 4), ('Fish&Chips', 1)]",757.5,False,6.788,12.09,Southbank,2023-07-06 01:58:00
5715,2018-05-09 16:06:45,Dinner,BK,"[('Pasta', 6), ('Shrimp', 4)]",381.0,False,11.811,18.59,Docklands,2023-07-06 01:58:00
8384,2018-05-03 10:01:41,Breakfast,NS,"[('Cereal', 10), ('Pancake', 5)]",639.0,False,8.513,13.33,Melbourne,2023-07-06 01:58:00
7570,2018-11-28 18:59:09,Dinner,TP,"[('Pasta', 10), ('Shrimp', 9), ('Fish&Chips', 8)]",1041.0,False,7.347,11.27,Southbank,2023-07-06 01:58:00
1645,2018-11-11 18:18:35,Dinner,NS,"[('Pasta', 1), ('Shrimp', 8), ('Salmon', 3), ('Fish&Chips', 1)]",441.0,False,9.136,16.22,East Melbourne,2023-07-06 01:58:00
10786,2018-03-11 18:08:27,Dinner,TP,"[('Shrimp', 3), ('Pasta', 5), ('Fish&Chips', 2), ('Salmon', 9)]",738.5,False,9.635,15.45,Fitzroy,2023-07-06 01:58:00
3578,2018-05-25 12:43:56,Dinner,TP,"[('Steak', 8), ('Chicken', 2), ('Burger', 1), ('Fries', 6), ('Salad', 9)]",681.8,False,8.059,11.71,Southbank,2023-07-06 01:58:00
6755,2018-05-09 16:06:45,Dinner,TP,"[('Fish&Chips', 3), ('Shrimp', 2), ('Chicken', 6)]",378.0,False,11.606,15.94,Docklands,2023-07-06 01:58:00
83,2018-06-18 13:34:38,Lunch,TP,"[('Salad', 6), ('Chicken', 9)]",391.2,False,11.719,14.21,Flemington,2023-07-06 01:58:00
4112,2018-06-29 13:54:55,Lunch,NS,"[('Salad', 8), ('Fries', 9)]",245.6,True,8.566,13.99,Southbank,2023-07-06 01:58:00
9621,2018-01-11 18:08:27,Dinner,BK,"[('Shrimp', 5), ('Pasta', 7), ('Fish&Chips', 5), ('Salmon', 7)]",924.5,False,6.151,13.39,East Melbourne,2023-07-06 01:58:00
9481,2018-06-07 14:05:04,Breakfast,NS,"[('Burger', 4), ('Salad', 5), ('Steak', 1), ('Chicken', 4)]",383.0,False,6.32,11.53,Carlton,2023-07-06 01:58:00
5829,2018-06-29 13:54:55,Lunch,BK,"[('Burger', 4), ('Fries', 7), ('Steak', 4), ('Chicken', 5)]",548.0,False,6.193,11.99,Kamaishi,2023-07-06 01:58:00
438,2018-01-08 14:55:46,Lunch,NS,"[('Steak', 5), ('Fries', 5), ('Salad', 4)]",353.8,False,6.359,12.89,Fitzroy,2023-07-06 01:58:00
828,2018-04-29 11:53:14,Breakfast,NS,"[('Coffee', 10), ('Cereal', 10), ('Eggs', 8)]",461.0,False,8.922,16.06,East Melbourne,2023-07-06 01:58:00
6005,2018-06-26 13:44:47,Lunch,BK,"[('Burger', 2), ('Salad', 3), ('Steak', 8), ('Chicken', 8), ('Fries', 6)]",170.0,False,6.946,12.98,East Melbourne,2023-07-06 01:58:00
7352,2018-11-08 15:16:03,Lunch,TP,"[('Salad', 8), ('Burger', 10)]",447.6,True,10.02,14.6,West Melbourne,2023-07-06 01:58:00
9486,2018-02-09 16:06:45,Dinner,BK,"[('Pasta', 7), ('Fish&Chips', 10)]",542.5,False,7.836,15.41,Melbourne,2023-07-06 01:58:00
8499,2018-05-06 13:04:13,Lunch,BK,"[('Burger', 9), ('Salad', 4), ('Fries', 7)]",431.8,False,7.732,10.14,Richmond,2023-07-06 01:58:00
1269,2018-09-24 16:47:19,Dinner,BK,"[('Fish&Chips', 2), ('Shrimp', 1)]",124.0,False,10.734,17.91,North Melbourne,2023-07-06 01:58:00
7342,2018-08-10 17:17:44,Dinner,NS,"[('Fish&Chips', 3), ('Shrimp', 5)]",375.0,False,8.724,14.72,Melbourne,2023-07-06 01:58:00
9591,2018-09-07 14:15:12,Lunch,BK,"[('Chicken', 5), ('Steak', 6), ('Burger', 7), ('Fries', 9), ('Salad', 5)]",841.0,False,7.006,13.07,East Melbourne,2023-07-06 01:58:00
1278,2018-08-21 15:36:20,Lunch,NS,"[('Steak', 8), ('Burger', 9), ('Chicken', 8), ('Fries', 6), ('Salad', 5)]",1053.0,False,9.638,15.26,East Melbourne,2023-07-06 01:58:00
3155,2018-03-24 10:42:15,Breakfast,NS,"[('Coffee', 5), ('Shrimp', 1)]",59.5,False,8.948,16.13,East Melbourne,2023-07-06 01:58:00
6270,2018-12-19 19:39:43,Dinner,NS,"[('Pancake', 2), ('Shrimp', 2), ('Pasta', 10)]",453.0,False,9.844,16.02,Docklands,2023-07-06 01:58:00
2312,2018-09-19 16:37:10,Dinner,TP,"[('Shrimp', 7), ('Fish&Chips', 7)]",623.0,False,9.754,13.45,North Melbourne,2023-07-06 01:58:00
3244,2018-03-05 12:03:22,Lunch,BK,"[('Pancake', 6), ('Burger', 3)]",196.2,False,7.656,13.11,Melbourne,2023-07-06 01:58:00
3331,2018-10-27 17:58:18,Dinner,NS,"[('Fish&Chips', 1), ('Pasta', 4), ('Salmon', 9), ('Shrimp', 3)]",676.0,False,7.983,17.47,Southbank,2023-07-06 01:58:00
6593,2018-06-14 13:24:30,Lunch,TP,"[('Steak', 10), ('Chicken', 10), ('Salad', 4), ('Burger', 2)]",900.8,False,6.546,12.04,Carlton,2023-07-06 01:58:00
1909,2018-07-11 18:18:35,Dinner,TP,"[('Salmon', 9), ('Shrimp', 9)]",1007.0,False,8.497,12.4,Melbourne,2023-07-06 01:58:00
6184,2018-11-17 18:38:52,Dinner,NS,"[('Shrimp', 2), ('Fish&Chips', 2), ('Salmon', 7), ('Pasta', 4)]",575.0,False,9.106,17.14,East Melbourne,2023-07-06 01:58:00
4232,2018-07-09 16:16:54,Dinner,BK,"[('Salmon', 8), ('Fish&Chips', 5), ('Shrimp', 3), ('Pasta', 3)]",747.5,False,7.268,14.36,East Melbourne,2023-07-06 01:58:00
1360,2018-02-16 09:31:16,Breakfast,BK,"[('Eggs', 9), ('Pancake', 10), ('Coffee', 7)]",493.0,False,9.254,14.31,Kamaishi,2023-07-06 01:58:00
10757,2018-09-23 16:47:19,Dinner,BK,"[('Pasta', 3), ('Salmon', 7), ('Shrimp', 4), ('Fish&Chips', 3)]",629.6,False,7.926,17.62,Melbourne,2023-07-06 01:58:00
5140,2018-12-12 19:29:34,Dinner,BK,"[('Fish&Chips', 2), ('Shrimp', 1)]",124.0,False,7.72,15.22,Melbourne,2023-07-06 01:58:00
8042,2018-06-19 13:34:38,Lunch,BK,"[('Steak', 6), ('Burger', 3), ('Chicken', 4), ('Salad', 7), ('Fries', 1)]",623.4,False,5.047,11.04,Richmond,2023-07-06 01:58:00
3472,2018-11-03 10:11:49,Breakfast,TP,"[('Pancake', 2), ('Eggs', 10), ('Cereal', 4), ('Coffee', 9)]",420.0,False,9.24,13.24,Carlton,2023-07-06 01:58:00
1687,2018-01-26 08:40:33,Breakfast,TP,"[('Eggs', 8), ('Pancake', 2), ('Cereal', 1)]",245.5,False,10.498,12.92,Kamaishi,2023-07-06 01:58:00
2604,2018-11-25 18:49:00,Dinner,TP,"[('Fish&Chips', 3), ('Shrimp', 8)]",537.0,False,9.005,17.24,East Melbourne,2023-07-06 01:58:00
9846,2018-01-17 08:30:25,Breakfast,TP,"[('Pancake', 7), ('Cereal', 6), ('Eggs', 5), ('Coffee', 3)]",428.25,True,8.729,5.4,Melbourne,2023-07-06 01:58:00
5085,2018-06-01 08:10:08,Breakfast,TP,"[('Coffee', 9), ('Cereal', 9), ('Pancake', 1)]",280.75,True,11.405,8.09,Kamaishi,2023-07-06 01:58:00
1205,2018-08-09 16:16:54,Dinner,NS,"[('Shrimp', 9), ('Pasta', 1)]",513.5,False,9.791,17.76,Docklands,2023-07-06 01:58:00
6030,2018-03-19 10:32:06,Breakfast,TP,"[('Eggs', 1), ('Coffee', 10), ('Cereal', 5)]",202.0,False,8.952,11.69,Docklands,2023-07-06 01:58:00
7514,2018-03-23 10:42:15,Breakfast,NS,"[('Cereal', 10), ('Eggs', 3), ('Coffee', 5), ('Pancake', 9)]",531.75,False,9.189,14.06,East Melbourne,2023-07-06 01:58:00
252,2018-01-17 08:30:25,Breakfast,BK,"[('Coffee', 2), ('Pancake', 7), ('Eggs', 9), ('Cereal', 4)]",466.75,True,12.08,7.12,West Melbourne,2023-07-06 01:58:00
1412,2018-03-29 10:52:23,Breakfast,TP,"[('Pancake', 3), ('Cereal', 3), ('Coffee', 8), ('Eggs', 3)]",261.75,False,10.401,12.51,Kamaishi,2023-07-06 01:58:00
368,2018-09-10 17:17:44,Dinner,BK,"[('Fish&Chips', 1), ('Pasta', 7), ('Shrimp', 1)]",281.5,True,8.577,15.26,West Melbourne,2023-07-06 01:58:00
4963,2018-05-04 11:02:32,Breakfast,NS,"[('Pancake', 2), ('Eggs', 8)]",224.5,False,9.012,14.53,Docklands,2023-07-06 01:58:00
1510,2018-08-01 08:10:08,Dinner,TP,"[('Eggs', 2), ('Pancake', 10), ('Cereal', 2)]",328.5,True,10.385,6.15,Docklands,2023-07-06 01:58:00
8582,2018-05-22 12:33:48,Breakfast,TP,"[('Steak', 6), ('Chicken', 6), ('Burger', 9), ('Fries', 4), ('Salad', 7)]",909.4,False,8.667,11.95,Docklands,2023-07-06 01:58:00
97,2018-02-08 15:05:54,Lunch,BK,"[('Steak', 4), ('Burger', 8)]",428.0,False,8.518,14.39,Kamaishi,2023-07-06 01:58:00
8370,2018-05-05 12:03:22,Lunch,BK,"[('Salad', 10), ('Coffee', 1), ('Steak', 3), ('Chicken', 9), ('Burger', 1)]",638.0,False,5.774,13.73,Richmond,2023-07-06 01:58:00
2966,2018-03-28 10:52:23,Breakfast,NS,"[('Coffee', 10), ('Pancake', 5), ('Burger', 4)]",280.25,False,7.608,12.54,North Melbourne,2023-07-06 01:58:00
456,2018-07-03 10:01:41,Breakfast,BK,"[('Cereal', 1), ('Pancake', 10), ('Coffee', 7)]",316.0,False,8.545,13.32,Docklands,2023-07-06 01:58:00
11021,2018-11-20 18:38:52,Dinner,TP,"[('Salmon', 8), ('Shrimp', 9), ('Pasta', 1), ('Fish&Chips', 10)]",1191.5,False,12.062,15.73,Richmond,2023-07-06 01:58:00
3298,2018-04-11 18:08:27,Dinner,NS,"[('Shrimp', 9), ('Salmon', 5), ('Pasta', 4), ('Fish&Chips', 10)]",1151.0,False,8.494,16.73,West Melbourne,2023-07-06 01:58:00
55,2018-09-10 17:17:44,Dinner,NS,"[('Salmon', 9), ('Shrimp', 6)]",693.0,False,8.997,15.28,East Melbourne,2023-07-06 01:58:00
5731,2018-10-21 17:38:01,Dinner,NS,"[('Fish&Chips', 4), ('Pasta', 5), ('Shrimp', 9)]",124.0,False,9.656,17.54,East Melbourne,2023-07-06 01:58:00
4981,2018-04-10 17:07:36,Dinner,NS,"[('Shrimp', 6), ('Salmon', 6), ('Pasta', 7), ('Fish&Chips', 3)]",867.5,False,10.077,16.4,Docklands,2023-07-06 01:58:00
3616,2018-06-24 13:44:47,Dinner,NS,"[('Fries', 10), ('Chicken', 2), ('Steak', 2), ('Salad', 5)]",360.0,False,9.499,16.61,East Melbourne,2023-07-06 01:58:00
289,2018-07-30 14:55:46,Lunch,NS,"[('Fries', 7), ('Steak', 2), ('Chicken', 4)]",302.0,True,10.4,16.86,Abbotsford,2023-07-06 01:58:00
8555,2018-01-21 08:30:25,Breakfast,BK,"[('Cereal', 8), ('Coffee', 1), ('Pancake', 10), ('Eggs', 3)]",484.0,False,7.585,15.05,Carlton,2023-07-06 01:58:00
6173,2018-12-26 19:49:51,Dinner,BK,"[('Fish&Chips', 3), ('Shrimp', 10), ('Pasta', 1)]",672.5,False,4.232,11.13,Richmond,2023-07-06 01:58:00
1826,2018-11-05 12:13:31,Lunch,TP,"[('Steak', 4), ('Chicken', 9), ('Burger', 9), ('Fries', 9)]",855.0,False,11.674,14.79,Abbotsford,2023-07-06 01:58:00
7931,2018-09-19 16:37:10,Dinner,TP,"[('Fish&Chips', 8), ('Shrimp', 5), ('Salmon', 4)]",714.0,False,11.06,14.63,Kamaishi,2023-07-06 01:58:00
4259,2018-05-31 12:54:05,Lunch,TP,"[('Steak', 6), ('Salad', 10), ('Fries', 5), ('Chicken', 2), ('Burger', 5)]",721.0,False,9.502,12.62,North Melbourne,2023-07-06 01:58:00
7592,2018-06-15 13:24:30,Dinner,BK,"[('Burger', 5), ('Steak', 3), ('Salad', 4)]",358.8,False,4.309,9.77,Richmond,2023-07-06 01:58:00
4767,2018-07-05 12:13:31,Lunch,NS,"[('Salad', 3), ('Burger', 8), ('Fries', 1), ('Steak', 7), ('Chicken', 1)]",658.6,False,7.008,12.2,Carlton,2023-07-06 01:58:00
1488,2018-04-28 11:53:14,Breakfast,TP,"[('Coffee', 10), ('Pancake', 7)]",244.75,False,9.022,13.4,Carlton,2023-07-06 01:58:00
2361,2018-09-18 16:37:10,Breakfast,BK,"[('Fish&Chips', 3), ('Salmon', 8), ('Shrimp', 5)]",703.0,False,8.224,15.37,West Melbourne,2023-07-06 01:58:00
8427,2018-12-13 19:29:34,Dinner,TP,"[('Pasta', 5), ('Salmon', 7), ('Fish&Chips', 7), ('Shrimp', 5)]",939.5,False,10.636,14.76,East Melbourne,2023-07-06 01:58:00
709,2018-06-16 13:24:30,Lunch,NS,"[('Burger', 6), ('Fries', 3), ('Chicken', 8), ('Salad', 1)]",495.2,False,8.445,15.76,North Melbourne,2023-07-06 01:58:00
2989,2018-11-02 09:21:07,Breakfast,BK,"[('Cereal', 9), ('Coffee', 8), ('Pancake', 3), ('Eggs', 1)]",343.75,False,7.277,14.34,Melbourne,2023-07-06 01:58:00
6380,2018-09-01 08:10:08,Lunch,BK,"[('Cereal', 4), ('Coffee', 2), ('Eggs', 10)]",319.0,True,7.23,5.91,Melbourne,2023-07-06 01:58:00
4988,2018-12-04 11:12:40,Breakfast,NS,"[('Eggs', 5), ('Coffee', 8), ('Pancake', 3), ('Cereal', 3)]",305.75,True,7.08,12.67,Carlton,2023-07-06 01:58:00
5492,2018-06-05 12:03:22,Lunch,NS,"[('Chicken', 10), ('Steak', 2), ('Salad', 2)]",444.4,False,8.829,16.7,Kamaishi,2023-07-06 01:58:00
7906,2018-09-16 16:37:10,Dinner,NS,"[('Fish&Chips', 4), ('Shrimp', 9), ('Pasta', 8)]",846.0,False,7.513,14.92,Collingwood,2023-07-06 01:58:00
6453,2018-11-05 12:13:31,Lunch,NS,"[('Salad', 10), ('Steak', 7), ('Burger', 3), ('Chicken', 5)]",740.0,False,5.239,15.12,East Melbourne,2023-07-06 01:58:00
1534,2018-08-25 15:46:28,Lunch,NS,"[('Steak', 5), ('Fries', 4), ('Salad', 2)]",307.4,False,8.572,16.21,Southbank,2023-07-06 01:58:00
9618,2018-09-04 11:12:40,Breakfast,TP,"[('Eggs', 6), ('Cereal', 4), ('Pancake', 8), ('Coffee', 9)]",477.5,False,8.876,11.51,Upernavik,2023-07-06 01:58:00
5591,2018-08-17 15:36:20,Lunch,NS,"[('Salad', 1), ('Burger', 5)]",172.2,False,11.109,16.44,Docklands,2023-07-06 01:58:00
5434,2018-02-18 09:31:16,Breakfast,NS,"[('Salmon', 10), ('Coffee', 3)]",232.5,False,10.177,17.01,Richmond,2023-07-06 01:58:00
3555,2018-01-04 10:52:23,Breakfast,NS,"[('Pancake', 4), ('Cereal', 6), ('Coffee', 5)]",260.5,False,9.172,16.46,Docklands,2023-07-06 01:58:00
9030,2018-11-23 18:49:00,Dinner,TP,"[('Shrimp', 1), ('Pasta', 10)]",329.0,False,8.601,13.15,Southbank,2023-07-06 01:58:00
5503,2018-06-17 13:24:30,Lunch,NS,"[('Burger', 7), ('Salad', 1), ('Chicken', 10), ('Steak', 1)]",297.2,False,9.259,17.04,Docklands,2023-07-06 01:58:00
8531,2018-07-27 14:45:38,Lunch,TP,"[('Steak', 8), ('Burger', 2), ('Salad', 9), ('Fries', 10), ('Chicken', 7)]",920.8,False,9.988,13.37,Kamaishi,2023-07-06 01:58:00
7065,2018-02-27 09:51:32,Breakfast,NS,"[('Pancake', 6), ('Coffee', 7), ('Cereal', 7), ('Eggs', 6)]",477.0,False,10.644,13.27,Fitzroy,2023-07-06 01:58:00
6053,2018-04-09 16:06:45,Dinner,BK,"[('Shrimp', 2), ('Fish&Chips', 9), ('Eggs', 2)]",505.0,False,6.658,13.51,Collingwood,2023-07-06 01:58:00
4429,2018-08-18 15:36:20,Lunch,BK,"[('Burger', 4), ('Chicken', 5), ('Fries', 1), ('Steak', 8), ('Salad', 9)]",810.8,False,8.5,13.76,Melbourne,2023-07-06 01:58:00
4719,2018-03-05 12:03:22,Lunch,NS,"[('Fries', 4), ('Burger', 2), ('Steak', 9), ('Salad', 10)]",687.0,False,7.761,13.04,Melbourne,2023-07-06 01:58:00
1706,2018-10-10 17:17:44,Dinner,BK,"[('Salmon', 4), ('Shrimp', 8)]",596.0,False,8.589,15.14,Docklands,2023-07-06 01:58:00
3651,2018-03-08 15:05:54,Lunch,BK,"[('Steak', 5), ('Fries', 1), ('Chicken', 1)]",269.0,True,7.8,14.2,East Melbourne,2023-07-06 01:58:00
3940,2018-05-25 12:43:56,Dinner,NS,"[('Chicken', 9), ('Burger', 7)]",505.0,False,8.435,13.8,Clifton Hill,2023-07-06 01:58:00
4016,2018-04-13 11:22:49,Breakfast,TP,"[('Eggs', 5), ('Coffee', 6), ('Pancake', 7), ('Cereal', 2)]",626.0,False,10.511,12.48,North Melbourne,2023-07-06 01:58:00
4402,2018-10-07 14:15:12,Lunch,NS,"[('Chicken', 3), ('Burger', 5)]",251.0,False,8.913,12.61,East Melbourne,2023-07-06 01:58:00
4650,2018-06-17 13:34:38,Lunch,TP,"[('Burger', 7), ('Chicken', 9), ('Fries', 1), ('Salad', 6), ('Steak', 8)]",980.2,False,9.817,15.08,Carlton,2023-07-06 01:58:00
5380,2018-01-28 08:50:42,Breakfast,TP,"[('Coffee', 8), ('Eggs', 2), ('Cereal', 8)]",272.0,False,8.067,12.57,Southbank,2023-07-06 01:58:00
2531,2018-10-27 17:58:18,Dinner,BK,"[('Fish&Chips', 7), ('Salmon', 2)]",1018.5,False,7.996,17.38,Southbank,2023-07-06 01:58:00
9455,2018-10-10 17:17:44,Dinner,NS,"[('Pasta', 10), ('Salmon', 6), ('Fish&Chips', 6), ('Steak', 9)]",1217.0,False,9.988,16.08,North Melbourne,2023-07-06 01:58:00
7191,2018-10-26 17:48:10,Dinner,BK,"[('Pasta', 7), ('Shrimp', 10), ('Fish&Chips', 10)]",1082.5,False,7.672,14.76,Melbourne,2023-07-06 01:58:00
1764,2018-02-09 16:06:45,Dinner,BK,"[('Shrimp', 6), ('Salmon', 3)]",447.0,False,8.317,17.81,Carlton,2023-07-06 01:58:00
4014,2018-08-28 15:56:37,Lunch,NS,"[('Chicken', 5), ('Fries', 5)]",220.0,True,7.767,13.29,Melbourne,2023-07-06 01:58:00
3064,2018-06-10 17:07:36,Dinner,NS,"[('Shrimp', 6), ('Salmon', 5)]",529.0,False,9.117,16.92,Melbourne,2023-07-06 01:58:00
4776,2018-09-10 17:17:44,Dinner,BK,"[('Pasta', 10), ('Shrimp', 10)]",815.0,False,6.536,13.64,Carlton,2023-07-06 01:58:00
2827,2018-04-19 11:32:57,Breakfast,TP,"[('Coffee', 4), ('Pancake', 8), ('Cereal', 7), ('Eggs', 5)]",481.0,False,8.898,11.63,East Melbourne,2023-07-06 01:58:00
1407,2018-06-03 10:01:41,Breakfast,TP,"[('Pancake', 8), ('Cereal', 6), ('Coffee', 4), ('Eggs', 9)]",548.0,False,9.353,10.97,East Melbourne,2023-07-06 01:58:00
2478,2018-07-14 14:25:21,Lunch,NS,"[('Fries', 3), ('Steak', 9)]",441.0,True,10.447,17.81,Richmond,2023-07-06 01:58:00
6644,2018-05-05 12:03:22,Lunch,BK,"[('Salad', 5), ('Burger', 8), ('Steak', 8)]",694.0,False,10.692,18.77,Flemington,2023-07-06 01:58:00
8211,2018-11-03 10:11:49,Breakfast,BK,"[('Coffee', 7), ('Eggs', 2), ('Cereal', 2)]",138.5,False,7.656,15.2,Carlton,2023-07-06 01:58:00
4042,2018-09-01 08:10:08,Breakfast,NS,"[('Pancake', 7), ('Eggs', 8)]",345.75,True,10.833,7.92,Richmond,2023-07-06 01:58:00
4043,2018-10-29 17:58:18,Dinner,NS,"[('Fish&Chips', 5), ('Pasta', 4)]",285.0,False,11.672,17.88,Port Melbourne,2023-07-06 01:58:00
4075,2018-11-21 18:38:52,Lunch,BK,"[('Shrimp', 4), ('Fish&Chips', 10), ('Salmon', 1)]",607.0,False,5.869,12.75,Collingwood,2023-07-06 01:58:00
8940,2018-01-03 09:51:32,Breakfast,NS,"[('Coffee', 4), ('Eggs', 9), ('Cereal', 5), ('Pancake', 2)]",381.5,False,9.338,14.24,East Melbourne,2023-07-06 01:58:00
2052,2018-01-20 08:30:25,Breakfast,TP,"[('Pancake', 9), ('Cereal', 1), ('Eggs', 10)]",459.25,True,7.626,12.32,Southbank,2023-07-06 01:58:00
386,2018-12-25 19:49:51,Dinner,BK,"[('Fish&Chips', 3), ('Salmon', 1), ('Shrimp', 1)]",200.0,False,11.167,18.07,West Melbourne,2023-07-06 01:58:00
2315,2018-11-07 14:15:12,Lunch,TP,"[('Chicken', 4), ('Fries', 4), ('Salad', 5)]",262.0,False,10.0,12.9,East Melbourne,2023-07-06 01:58:00
1922,2018-04-30 11:53:14,Breakfast,BK,"[('Pancake', 2), ('Eggs', 5), ('Coffee', 7), ('Cereal', 4)]",295.0,True,10.283,15.26,North Melbourne,2023-07-06 01:58:00
9569,2018-04-02 09:00:50,Breakfast,NS,"[('Eggs', 1), ('Cereal', 3)]",432.5,False,10.148,17.35,Flemington,2023-07-06 01:58:00
7192,2018-09-30 16:57:27,Dinner,NS,"[('Pasta', 9), ('Fries', 1), ('Fish&Chips', 2)]",371.5,False,6.683,15.04,Fitzroy,2023-07-06 01:58:00
3560,2018-03-25 10:42:15,Breakfast,TP,"[('Pancake', 1), ('Eggs', 6)]",156.25,False,6.62,14.54,Melbourne,2023-07-06 01:58:00
7090,2018-08-09 16:16:54,Dinner,TP,"[('Pasta', 2), ('Fish&Chips', 7), ('Salmon', 1)]",341.0,False,8.188,14.29,Southbank,2023-07-06 01:58:00
531,2018-07-31 14:55:46,Lunch,TP,"[('Burger', 4), ('Fries', 8), ('Chicken', 9)]",508.0,False,10.216,13.28,Docklands,2023-07-06 01:58:00
1955,2018-07-01 08:10:08,Dinner,BK,"[('Eggs', 5), ('Cereal', 4), ('Pancake', 5)]",315.25,True,10.137,8.86,Docklands,2023-07-06 01:58:00
7082,2018-10-10 17:17:44,Dinner,TP,"[('Salmon', 4), ('Fish&Chips', 1)]",199.0,True,9.051,12.96,Docklands,2023-07-06 01:58:00
5717,2018-11-29 18:59:09,Dinner,BK,"[('Salmon', 6), ('Fish&Chips', 3), ('Shrimp', 6)]",675.0,False,11.494,18.77,Port Melbourne,2023-07-06 01:58:00
2585,2018-03-17 10:21:58,Breakfast,NS,"[('Eggs', 8), ('Pancake', 10)]",418.5,False,6.978,14.18,Carlton,2023-07-06 01:58:00
1642,2018-07-04 11:12:40,Breakfast,TP,"[('Coffee', 7), ('Cereal', 7), ('Eggs', 6), ('Pancake', 9)]",549.75,False,12.112,17.05,Richmond,2023-07-06 01:58:00
539,2018-10-17 17:38:01,Dinner,TP,"[('Pasta', 6), ('Salmon', 9), ('Shrimp', 3)]",696.0,False,10.19,13.82,North Melbourne,2023-07-06 01:58:00
10505,2018-12-11 18:28:43,Dinner,NS,"[('Fish&Chips', 8), ('Salmon', 5), ('Pasta', 10), ('Shrimp', 9)]",1246.0,False,7.113,13.69,Fitzroy,2023-07-06 01:58:00
4425,2018-11-21 18:38:52,Dinner,TP,"[('Salmon', 2), ('Pasta', 3), ('Shrimp', 6)]",488.5,False,8.754,13.3,Fitzroy,2023-07-06 01:58:00
4298,2018-04-27 11:53:14,Breakfast,NS,"[('Coffee', 8), ('Pancake', 4)]",157.0,False,7.984,12.64,North Melbourne,2023-07-06 01:58:00
3474,2018-05-20 12:33:48,Dinner,BK,"[('Salad', 4), ('Fries', 4), ('Steak', 4), ('Burger', 7)]",513.8,False,4.772,13.08,East Melbourne,2023-07-06 01:58:00
3163,2018-06-09 16:06:45,Dinner,NS,"[('Pasta', 7), ('Fries', 10), ('Salmon', 8)]",1060.5,False,9.687,15.35,West Melbourne,2023-07-06 01:58:00
4312,2018-08-30 15:56:37,Lunch,TP,"[('Salad', 4), ('Chicken', 2), ('Pancake', 8), ('Burger', 1), ('Steak', 7)]",574.8,False,9.558,13.08,Carlton,2023-07-06 01:58:00
1126,2018-07-09 16:16:54,Dinner,TP,"[('Pasta', 6), ('Fish&Chips', 6), ('Shrimp', 10), ('Salmon', 10)]",477.5,False,8.758,13.02,East Melbourne,2023-07-06 01:58:00
9472,2018-12-24 19:49:51,Dinner,BK,"[('Pasta', 2), ('Shrimp', 1), ('Fish&Chips', 10)]",459.0,False,11.204,18.12,Docklands,2023-07-06 01:58:00
7994,2018-04-22 11:32:57,Breakfast,BK,"[('Pancake', 10), ('Cereal', 3), ('Coffee', 1)]",313.0,False,8.605,12.4,Docklands,2023-07-06 01:58:00
6042,2018-01-04 10:52:23,Breakfast,BK,"[('Coffee', 6), ('Pancake', 8), ('Eggs', 7)]",393.0,False,7.849,15.0,Melbourne,2023-07-06 01:58:00
6882,2018-03-03 10:01:41,Breakfast,TP,"[('Eggs', 3), ('Pancake', 5)]",187.25,False,9.407,16.73,Southbank,2023-07-06 01:58:00
2372,2018-12-10 17:27:53,Dinner,NS,"[('Pasta', 5), ('Salmon', 6)]",383.5,False,10.318,16.49,Richmond,2023-07-06 01:58:00
9531,2018-08-07 14:15:12,Lunch,BK,"[('Burger', 4), ('Steak', 9), ('Salad', 4)]",597.8,False,9.539,18.4,Docklands,2023-07-06 01:58:00
4419,2018-03-05 12:03:22,Lunch,BK,"[('Steak', 2), ('Burger', 10), ('Fries', 8)]",496.0,False,5.504,10.96,Abbotsford,2023-07-06 01:58:00
3159,2018-10-27 17:48:10,Dinner,NS,"[('Shrimp', 1), ('Fish&Chips', 8)]",334.0,False,9.975,18.22,Kamaishi,2023-07-06 01:58:00
8336,2018-12-01 08:20:16,Breakfast,BK,"[('Eggs', 5), ('Coffee', 2), ('Cereal', 3), ('Pancake', 2)]",236.5,False,6.139,4.96,East Melbourne,2023-07-06 01:58:00
8386,2018-07-28 14:55:46,Lunch,TP,"[('Salad', 6), ('Fries', 4), ('Chicken', 1), ('Steak', 3)]",318.2,True,8.576,13.45,Melbourne,2023-07-06 01:58:00
6366,2018-08-19 15:36:20,Lunch,NS,"[('Salad', 5), ('Steak', 7)]",401.0,False,9.947,17.84,Docklands,2023-07-06 01:58:00
8296,2018-05-13 12:23:39,Lunch,NS,"[('Fries', 4), ('Chicken', 1), ('Steak', 1), ('Salad', 1), ('Burger', 5)]",297.2,False,10.692,17.59,West Melbourne,2023-07-06 01:58:00
560,2018-01-18 08:30:25,Breakfast,NS,"[('Coffee', 6), ('Cereal', 4), ('Pancake', 1), ('Eggs', 7)]",307.25,True,11.429,8.54,Richmond,2023-07-06 01:58:00
6868,2018-03-12 19:09:17,Dinner,TP,"[('Shrimp', 4), ('Fish&Chips', 9), ('Pasta', 9), ('Salmon', 2)]",1108.0,False,8.411,13.05,Docklands,2023-07-06 01:58:00
9118,2018-10-01 08:10:08,Breakfast,TP,"[('Eggs', 6), ('Pancake', 9), ('Coffee', 9), ('Cereal', 4)]",501.75,True,9.607,6.54,North Melbourne,2023-07-06 01:58:00
8237,2018-11-03 10:11:49,Breakfast,TP,"[('Coffee', 3), ('Eggs', 1), ('Pancake', 10)]",287.0,False,9.24,12.86,Carlton,2023-07-06 01:58:00
9050,2018-12-22 19:49:51,Dinner,BK,"[('Shrimp', 5), ('Salmon', 9)]",639.0,False,9.192,15.03,Docklands,2023-07-06 01:58:00
2748,2018-05-11 18:08:27,Dinner,NS,"[('Pasta', 1), ('Salmon', 3), ('Shrimp', 6)]",474.5,False,8.339,14.76,Melbourne,2023-07-06 01:58:00
2030,2018-09-10 17:17:44,Dinner,TP,"[('Fish&Chips', 2), ('Salmon', 5)]",275.0,False,9.142,13.49,Docklands,2023-07-06 01:58:00
6072,2018-01-10 16:57:27,Dinner,BK,"[('Shrimp', 10), ('Pasta', 5), ('Salad', 2), ('Fish&Chips', 3)]",864.5,False,6.346,13.39,Collingwood,2023-07-06 01:58:00
5711,2018-11-26 18:59:09,Dinner,BK,"[('Cereal', 7), ('Shrimp', 8)]",624.5,False,6.385,13.13,East Melbourne,2023-07-06 01:58:00
7060,2018-10-08 15:16:03,Lunch,BK,"[('Steak', 2), ('Salad', 4), ('Fries', 4), ('Chicken', 2)]",270.8,False,10.465,16.22,Docklands,2023-07-06 01:58:00
51,2018-09-19 16:37:10,Dinner,BK,"[('Pasta', 10), ('Shrimp', 1), ('Salmon', 5)]",534.0,False,7.732,14.9,East Melbourne,2023-07-06 01:58:00
7760,2018-09-01 08:10:08,Lunch,TP,"[('Coffee', 5), ('Cereal', 9), ('Pancake', 7)]",396.25,True,8.833,6.04,Melbourne,2023-07-06 01:58:00
10003,2018-11-03 10:11:49,Breakfast,BK,"[('Pancake', 6), ('Eggs', 8), ('Cereal', 6), ('Coffee', 6)]",693.0,False,5.948,12.9,East Melbourne,2023-07-06 01:58:00
10028,2018-11-18 18:38:52,Dinner,BK,"[('Pasta', 7), ('Salmon', 4), ('Fish&Chips', 2), ('Shrimp', 2)]",534.5,False,9.972,21.37,Flemington,2023-07-06 01:58:00
127,2018-05-07 14:05:04,Lunch,BK,"[('Salad', 5), ('Steak', 7), ('Chicken', 3), ('Fries', 3), ('Burger', 8)]",781.0,False,4.425,10.47,Richmond,2023-07-06 01:58:00
3952,2018-06-11 18:08:27,Dinner,NS,"[('Fish&Chips', 1), ('Salmon', 6)]",281.0,False,12.011,14.55,Melbourne,2023-07-06 01:58:00
9684,2018-03-15 10:21:58,Breakfast,BK,"[('Pancake', 2), ('Eggs', 7), ('Coffee', 3)]",225.0,False,8.975,14.45,North Melbourne,2023-07-06 01:58:00
5258,2018-09-19 16:37:10,Dinner,TP,"[('Pasta', 8), ('Fish&Chips', 4), ('Shrimp', 1), ('Salmon', 8)]",742.0,False,9.772,13.56,North Melbourne,2023-07-06 01:58:00
3117,2018-02-24 09:41:24,Breakfast,NS,"[('Coffee', 10), ('Pancake', 6), ('Eggs', 2), ('Cereal', 8)]",432.5,False,7.536,14.54,Melbourne,2023-07-06 01:58:00
